"Name","Team","G","AB","PA","H","1B","2B","3B","HR","R","RBI","BB","IBB","SO","HBP","SF","SH","GDP","SB","CS","AVG","playerid"
"Miguel Cabrera","Tigers","119","429","511","145","98","28","1","18","64","76","77","15","82","3","2","0","19","1","1",".338","1744"
"Corey Seager","Dodgers","27","98","113","33","20","8","1","4","17","17","14","1","19","1","0","0","2","2","0",".337","13624"
"Dee Gordon","Marlins","145","615","653","205","169","24","8","4","88","46","25","2","91","2","5","6","6","58","20",".333","8203"
"Bryce Harper","Nationals","153","521","654","172","91","38","1","42","118","99","124","15","131","5","4","0","15","6","4",".330","11579"
"Chris Colabello","Blue Jays","101","333","360","107","72","19","1","15","55","54","22","0","96","3","2","0","12","2","0",".321","13051"
"Paul Goldschmidt","Diamondbacks","159","567","695","182","109","38","2","33","103","110","118","29","151","2","7","0","16","21","5",".321","9218"
"Xander Bogaerts","Red Sox","156","613","654","196","151","35","3","7","84","81","32","1","101","3","3","3","16","10","2",".320","12161"
"Buster Posey","Giants","150","557","623","177","130","28","0","19","74","95","56","10","52","3","7","0","17","2","0",".318","9166"
"A.J. Pollock","Diamondbacks","157","609","673","192","127","39","6","20","111","76","53","0","89","2","9","0","19","39","7",".315","9256"
"Yunel Escobar","Nationals","139","535","591","168","133","25","1","9","75","56","45","0","70","8","2","1","24","2","2",".314","4191"
"Joey Votto","Reds","158","545","695","171","107","33","2","29","95","80","143","15","135","5","2","0","11","11","3",".314","4314"
"Jose Altuve","Astros","154","638","689","200","141","40","4","15","86","66","33","8","67","9","6","3","17","38","13",".313","5417"
"Francisco Lindor","Indians","99","390","438","122","84","22","4","12","50","51","27","0","69","1","7","13","12","12","2",".313","12916"
"David Peralta","Diamondbacks","149","462","517","144","91","26","10","17","61","78","44","2","107","4","7","0","7","9","4",".312","2136"
"Joe Panik","Giants","100","382","432","119","82","27","2","8","59","37","38","0","42","5","4","3","7","3","2",".312","11936"
"Phil Gosselin","- - -","44","106","118","33","20","9","1","3","19","15","9","0","16","2","1","0","2","2","1",".311","10953"
"Michael Brantley","Indians","137","529","596","164","104","45","0","15","68","84","60","8","51","2","5","0","14","15","1",".310","4106"
"Justin Morneau","Rockies","49","168","182","52","36","10","3","3","19","15","13","2","25","1","0","0","2","0","0",".310","1737"
"Enrique Hernandez","Dodgers","76","202","218","62","41","12","2","7","24","22","11","0","46","2","2","1","3","0","2",".307","10472"
"Lorenzo Cain","Royals","140","551","604","169","113","34","6","16","101","72","37","4","98","12","4","0","16","28","6",".307","9077"
"Ben Revere","- - -","152","592","634","181","150","22","7","2","84","45","32","0","64","2","3","5","5","31","7",".306","4712"
"Prince Fielder","Rangers","158","613","693","187","136","28","0","23","78","98","64","14","88","11","5","0","21","0","0",".305","4613"
"Stephen Piscotty","Cardinals","63","233","256","71","45","15","4","7","29","39","20","2","56","1","2","0","7","2","1",".305","13367"
"Devon Travis","Blue Jays","62","217","238","66","40","18","0","8","38","35","18","0","43","2","1","0","4","3","1",".304","13862"
"Corey Dickerson","Rockies","65","224","234","68","38","18","2","10","30","31","10","0","56","0","0","0","3","0","1",".304","10762"
"Ender Inciarte","Diamondbacks","132","524","561","159","121","27","5","6","73","45","26","0","58","4","5","2","8","21","10",".303","4922"
"Kelby Tomlinson","Giants","54","178","193","54","43","6","3","2","23","20","14","0","40","1","0","0","3","5","4",".303","13005"
"Jason Kipnis","Indians","141","565","641","171","112","43","7","9","86","52","57","6","107","9","6","4","5","12","8",".303","9776"
"Brett Wallace","Padres","64","96","107","29","18","6","0","5","14","16","10","1","31","1","0","0","1","0","0",".302","8434"
"Nelson Cruz","Mariners","152","590","655","178","111","22","1","44","90","93","59","9","164","5","1","0","6","3","2",".302","2434"
"DJ LeMahieu","Rockies","150","564","620","170","138","21","5","6","85","61","50","4","107","1","2","3","20","23","3",".301","9874"
"Denard Span","Nationals","61","246","275","74","52","17","0","5","38","22","25","0","26","1","2","1","5","11","0",".301","8347"
"Ryan Raburn","Indians","82","173","201","52","27","16","1","8","22","29","23","3","44","4","1","0","5","0","0",".301","2218"
"Nick Hundley","Rockies","103","366","389","110","74","21","5","10","45","43","21","0","76","1","1","0","8","5","6",".301","3376"
"Jose Iglesias","Tigers","120","416","454","125","103","17","3","2","44","23","25","2","44","6","3","4","10","11","8",".300","10231"
"Christian Yelich","Marlins","126","476","525","143","104","30","2","7","63","44","47","2","101","2","0","0","13","16","5",".300","11477"
"A.J. Pierzynski","Braves","113","407","436","122","88","24","1","9","38","49","19","2","37","7","3","0","19","0","2",".300","746"
"Mike Trout","Angels","159","575","682","172","93","32","6","41","104","90","92","14","158","10","5","0","11","11","7",".299","10155"
"Eric Hosmer","Royals","158","599","667","178","122","33","5","18","98","93","61","6","108","3","3","1","16","7","3",".297","3516"
"Odubel Herrera","Phillies","147","495","537","147","106","30","3","8","64","41","28","0","129","8","1","5","6","16","8",".297","11476"
"Josh Donaldson","Blue Jays","158","620","711","184","100","41","2","41","122","123","73","0","133","6","10","2","16","6","0",".297","5038"
"Ian Kinsler","Tigers","154","624","675","185","132","35","7","11","94","73","43","0","80","3","5","0","13","10","6",".296","6195"
"Jason Rogers","Brewers","86","152","169","45","33","6","2","4","22","16","15","0","34","2","0","0","2","0","0",".296","11773"
"Nick Markakis","Braves","156","612","686","181","139","38","1","3","73","53","70","11","83","3","1","0","17","2","1",".296","5930"
"Howie Kendrick","Dodgers","117","464","495","137","104","22","2","9","64","54","27","1","82","2","1","1","17","6","2",".295","4229"
"Mikie Mahtook","Rays","41","105","115","31","16","5","1","9","22","19","6","0","31","3","0","1","0","4","3",".295","13130"
"Trayce Thompson","White Sox","44","122","135","36","20","8","3","5","17","16","13","0","26","0","0","0","3","1","0",".295","9952"
"Matt Duffy","Giants","149","573","612","169","123","28","6","12","77","77","30","0","96","5","2","2","22","12","0",".295","13836"
"Francisco Cervelli","Pirates","130","451","510","133","104","17","5","7","56","43","46","1","94","8","1","4","12","1","1",".295","5275"
"Billy Burns","Athletics","125","520","555","153","121","18","9","5","70","42","26","1","81","6","2","1","5","26","8",".294","12701"
"Brandon Phillips","Reds","148","588","623","173","140","19","2","12","69","70","27","1","68","4","3","1","13","23","3",".294","791"
"Andre Ethier","Dodgers","142","395","445","116","75","20","7","14","54","53","43","2","75","4","3","0","11","2","3",".294","6265"
"Justin Turner","Dodgers","126","385","439","113","70","26","1","16","55","60","36","1","71","13","4","1","10","5","2",".294","5235"
"Jason Heyward","Cardinals","154","547","610","160","110","33","4","13","79","60","56","4","90","2","3","0","13","23","3",".293","4940"
"Franklin Gutierrez","Mariners","59","171","189","50","24","11","0","15","27","35","14","1","54","3","1","0","5","0","0",".292","3255"
"Andres Blanco","Phillies","106","233","261","68","36","22","3","7","32","25","21","0","44","4","0","3","11","1","1",".292","1907"
"Andrew McCutchen","Pirates","157","566","685","165","103","36","3","23","91","96","98","12","133","12","9","0","9","11","5",".292","9847"
"Mookie Betts","Red Sox","145","597","654","174","106","42","8","18","92","77","46","1","82","2","6","3","2","21","6",".291","13611"
"Dustin Pedroia","Red Sox","93","381","425","111","79","19","1","12","46","42","38","1","51","2","3","1","6","2","2",".291","8370"
"Yoenis Cespedes","- - -","159","633","676","184","101","42","6","35","101","105","33","5","141","5","5","0","14","7","5",".291","13110"
"Gerardo Parra","- - -","155","547","589","159","104","36","5","14","83","51","28","3","92","5","5","4","8","14","4",".291","8553"
"Gregor Blanco","Giants","115","327","372","95","68","19","3","5","59","26","40","7","59","2","3","0","3","13","5",".291","3123"
"Jose Abreu","White Sox","154","613","668","178","111","34","3","30","88","101","39","11","140","15","1","0","16","0","0",".290","15676"
"Kendrys Morales","Royals","158","569","639","165","100","41","2","22","81","106","58","4","103","8","4","0","24","0","0",".290","8610"
"Danny Valencia","- - -","105","345","378","100","58","23","1","18","59","66","29","3","80","1","2","1","13","2","2",".290","6364"
"Christian Colon","Royals","43","107","119","31","26","5","0","0","8","6","11","0","17","0","0","1","2","3","2",".290","11145"
"Cole Gillespie","Marlins","67","145","157","42","28","10","2","2","17","16","10","0","27","0","1","1","5","4","1",".290","5888"
"David Wright","Mets","38","152","174","44","32","7","0","5","24","17","22","0","36","0","0","0","4","2","1",".289","3787"
"Chris Stewart","Pirates","58","159","172","46","38","8","0","0","9","15","6","0","29","2","2","3","3","0","0",".289","3878"
"Martin Prado","Marlins","129","500","551","144","111","22","2","9","52","63","37","4","68","5","8","1","9","1","0",".288","3312"
"Adrian Beltre","Rangers","143","567","619","163","109","32","4","18","83","83","41","4","65","3","8","0","18","1","0",".287","639"
"Jung Ho Kang","Pirates","126","421","467","121","80","24","2","15","60","58","28","0","99","17","1","0","10","5","4",".287","17182"
"Nolan Arenado","Rockies","157","616","665","177","88","43","4","42","97","130","34","13","110","4","11","0","17","2","5",".287","9777"
"Nori Aoki","Giants","93","355","392","102","82","12","3","5","42","26","30","0","25","6","0","1","8","14","5",".287","13075"
"Steve Clevenger","Orioles","30","101","105","29","21","4","2","2","11","15","4","1","13","0","0","0","3","0","0",".287","9542"
"Josh Harrison","Pirates","114","418","449","120","86","29","1","4","57","28","19","1","71","7","2","3","4","10","8",".287","8202"
"Adam Eaton","White Sox","153","610","689","175","124","28","9","14","98","56","58","2","131","14","2","5","5","18","8",".287","11205"
"Robinson Cano","Mariners","156","624","674","179","123","34","1","21","82","79","43","5","107","3","4","0","26","2","6",".287","3269"
"Starling Marte","Pirates","153","579","633","166","115","30","2","19","84","81","27","3","123","19","5","3","14","30","10",".287","9241"
"Charlie Blackmon","Rockies","157","614","682","176","119","31","9","17","93","58","46","2","112","13","4","5","4","43","13",".287","7859"
"John Jaso","Rays","70","185","216","53","31","17","0","5","23","22","28","1","39","1","2","0","5","1","2",".286","5887"
"Manny Machado","Orioles","162","633","713","181","115","30","1","35","102","86","70","2","111","4","4","2","17","20","8",".286","11493"
"Ryan Braun","Brewers","140","506","568","144","89","27","3","25","87","84","54","4","115","4","3","0","20","24","4",".285","3410"
"Jonathan Villar","Astros","53","116","128","33","23","7","1","2","18","11","10","0","29","0","1","1","3","7","2",".284","10071"
"Mike Moustakas","Royals","147","549","614","156","99","34","1","22","73","82","43","1","76","13","5","4","14","1","2",".284","4892"
"Ketel Marte","Mariners","57","219","247","62","43","14","3","2","25","17","24","0","43","0","2","2","1","8","4",".283","13613"
"David Murphy","- - -","132","361","391","102","73","18","1","10","38","50","20","1","49","1","5","1","6","0","2",".283","6035"
"Yonder Alonso","Padres","103","354","402","100","76","18","1","5","50","31","42","3","48","3","3","0","13","2","5",".282","2530"
"Eduardo Nunez","Twins","72","188","204","53","34","14","1","4","23","20","12","0","29","1","1","2","1","8","4",".282","6848"
"J.D. Martinez","Tigers","158","596","657","168","95","33","2","38","93","102","53","7","178","5","3","0","11","3","2",".282","6184"
"Miguel Rojas","Marlins","60","142","157","40","31","7","1","1","13","17","11","1","16","0","2","2","4","0","1",".282","7802"
"Logan Forsythe","Rays","153","540","615","152","100","33","2","17","69","68","55","2","111","14","6","0","12","9","4",".281","7185"
"Adeiny Hechavarria","Marlins","130","470","499","132","104","17","6","5","54","48","23","4","78","2","4","0","18","7","2",".281","10459"
"Daniel Murphy","Mets","130","499","538","140","86","38","2","14","56","73","31","10","38","2","6","0","15","2","2",".281","4316"
"Brandon Belt","Giants","137","492","556","138","82","33","5","18","73","68","56","2","147","4","4","0","3","9","3",".280","10264"
"Troy Tulowitzki","- - -","128","486","534","136","92","27","0","17","77","70","38","5","114","6","4","0","17","1","0",".280","3531"
"James Loney","Rays","104","361","388","101","81","16","0","4","25","32","23","5","34","1","3","0","10","2","4",".280","4556"
"Brock Holt","Red Sox","129","454","509","127","92","27","6","2","56","45","46","0","97","3","2","4","7","8","1",".280","9345"
"Maikel Franco","Phillies","80","304","335","85","48","22","1","14","45","50","26","2","52","4","1","0","8","1","0",".280","12179"
"Eugenio Suarez","Reds","97","372","398","104","70","19","2","13","42","48","17","0","94","3","2","4","7","4","1",".280","12552"
"Matt Holliday","Cardinals","73","229","277","64","43","16","1","4","24","35","39","5","49","6","3","0","9","2","1",".279","1873"
"Marwin Gonzalez","Astros","120","344","370","96","65","18","1","12","44","34","16","0","74","3","0","7","9","4","5",".279","5497"
"Carlos Correa","Astros","99","387","432","108","63","22","1","22","52","68","40","2","78","1","4","0","10","14","4",".279","14162"
"Jonathan Schoop","Orioles","86","305","321","85","53","17","0","15","34","39","9","0","79","4","2","1","9","2","0",".279","11265"
"Anthony Rizzo","Cubs","160","586","701","163","91","38","3","31","94","101","78","9","105","30","7","0","9","17","6",".278","3473"
"Kevin Pillar","Blue Jays","159","586","628","163","118","31","2","12","76","56","28","1","85","5","5","4","9","25","4",".278","12434"
"Mitch Moreland","Rangers","132","471","515","131","81","27","0","23","51","85","32","2","112","7","5","0","9","1","0",".278","3086"
"Adonis Garcia","Braves","58","191","198","53","31","12","0","10","20","26","5","0","35","0","2","0","9","0","0",".277","13777"
"John Ryan Murphy","Yankees","67","155","172","43","30","9","1","3","21","14","12","0","43","1","3","1","4","0","0",".277","10346"
"Ben Paulsen","Rockies","116","325","354","90","56","19","4","11","42","49","23","0","92","2","3","1","5","1","2",".277","9741"
"Adam Lind","Brewers","149","502","572","139","87","32","0","20","72","87","66","11","100","1","3","0","7","0","0",".277","8027"
"Edwin Encarnacion","Blue Jays","146","528","624","146","76","31","0","39","94","111","77","5","98","9","10","0","14","3","2",".277","2151"
"Freddie Freeman","Braves","118","416","481","115","70","27","0","18","62","66","56","4","98","7","2","0","6","3","1",".276","5361"
"Joey Butler","Rays","88","257","276","71","51","12","0","8","30","30","16","0","82","3","0","0","16","5","2",".276","7799"
"Ben Zobrist","- - -","126","467","535","129","77","36","3","13","76","56","62","3","56","1","5","0","8","3","4",".276","7435"
"Carlos Beltran","Yankees","133","478","531","132","78","34","1","19","57","67","45","2","85","2","6","0","12","0","0",".276","589"
"George Springer","Astros","102","388","451","107","70","19","2","16","59","41","50","0","109","8","3","2","4","16","4",".276","12856"
"Shin-Soo Choo","Rangers","149","555","653","153","96","32","3","22","94","82","76","1","147","15","5","2","7","4","2",".276","3174"
"Randal Grichuk","Cardinals","103","323","350","89","42","23","7","17","49","47","22","2","110","4","1","0","6","4","2",".276","10243"
"Kris Bryant","Cubs","151","559","650","154","92","31","5","26","87","99","77","0","199","9","5","0","7","13","4",".275","15429"
"Jimmy Paredes","Orioles","104","363","384","100","71","17","2","10","46","42","19","0","111","0","2","0","8","4","4",".275","5481"
"Hunter Pence","Giants","52","207","223","57","34","13","1","9","30","40","16","0","48","0","0","0","8","4","1",".275","8252"
"Adrian Gonzalez","Dodgers","156","571","643","157","96","33","0","28","76","90","62","10","107","6","3","0","21","0","1",".275","1908"
"Jhonny Peralta","Cardinals","155","579","640","159","115","26","1","17","64","71","50","6","111","5","6","0","23","1","4",".275","1738"
"Jose Reyes","- - -","116","481","519","132","98","25","2","7","57","53","26","0","62","0","3","9","6","24","6",".274","1736"
"Blake Swihart","Red Sox","84","288","309","79","56","17","1","5","47","31","18","0","77","1","0","2","8","4","2",".274","13176"
"Melky Cabrera","White Sox","158","629","683","172","122","36","2","12","70","77","40","2","88","2","10","2","18","3","0",".273","4022"
"Yasmany Tomas","Diamondbacks","118","406","426","111","80","19","3","9","40","48","17","0","110","2","1","0","16","5","2",".273","17171"
"Brayan Pena","Reds","108","333","367","91","74","17","0","0","17","18","29","1","34","2","1","2","10","2","0",".273","3231"
"Ezequiel Carrera","Blue Jays","91","172","192","47","36","8","0","3","27","26","11","0","45","2","2","5","1","2","1",".273","9048"
"David Ortiz","Red Sox","146","528","614","144","70","37","0","37","73","108","77","16","95","0","9","0","16","0","1",".273","745"
"Josh Reddick","Athletics","149","526","582","143","94","25","4","20","67","77","49","1","65","0","2","1","7","10","2",".272","3892"
"Clint Robinson","Nationals","126","309","352","84","58","15","1","10","44","34","37","4","52","5","1","0","6","0","0",".272","6908"
"Matt Carpenter","Cardinals","154","574","665","156","81","44","3","28","101","84","81","5","151","6","4","0","5","4","3",".272","8090"
"Cesar Hernandez","Phillies","127","405","452","110","85","20","4","1","57","35","40","1","86","2","1","4","6","19","5",".272","10556"
"Johnny Giavotella","Angels","129","453","502","123","89","25","5","4","51","49","32","0","59","2","6","9","7","2","1",".272","6740"
"Alex Gordon","Royals","104","354","422","96","65","18","0","13","40","48","49","7","92","14","5","0","2","2","5",".271","5209"
"Carlos Gonzalez","Rockies","153","554","608","150","83","25","2","40","87","97","46","6","133","1","6","1","11","2","0",".271","7287"
"Cory Spangenberg","Padres","108","303","345","82","56","17","5","4","38","21","28","1","75","2","3","8","4","9","4",".271","12294"
"Yadier Molina","Cardinals","136","488","530","132","103","23","2","4","34","61","32","3","59","0","9","1","16","3","1",".270","7007"
"Delmon Young","Orioles","52","174","180","47","39","6","0","2","20","16","4","0","29","1","1","0","8","0","0",".270","2140"
"Michael Conforto","Mets","56","174","194","47","24","14","0","9","30","26","17","0","39","1","2","0","4","0","1",".270","16376"
"Yangervis Solarte","Padres","152","526","571","142","91","33","4","14","63","63","34","0","56","6","3","2","15","1","0",".270","5352"
"Travis Shaw","Red Sox","65","226","248","61","38","10","0","13","31","36","18","1","57","2","2","0","1","0","1",".270","11982"
"Evan Longoria","Rays","160","604","670","163","106","35","1","21","74","73","51","8","132","6","9","0","11","3","1",".270","9368"
"Erick Aybar","Angels","156","597","638","161","127","30","1","3","74","44","25","1","73","4","5","7","12","15","6",".270","4082"
"Adam Jones","Orioles","137","546","581","147","92","25","3","27","74","82","24","3","102","8","3","0","21","3","1",".269","6368"
"Eury Perez","Braves","47","119","133","32","28","4","0","0","10","5","7","1","23","4","0","3","3","3","1",".269","10299"
"Neil Walker","Pirates","151","543","603","146","95","32","3","16","69","71","44","5","110","8","8","0","9","4","1",".269","7539"
"Chris Denorfia","Cubs","103","212","231","57","42","11","1","3","18","18","15","1","56","1","1","2","7","0","1",".269","4400"
"Miguel Sano","Twins","80","279","335","75","39","17","1","18","46","52","53","1","119","1","2","0","4","1","1",".269","12164"
"Wilin Rosario","Rockies","87","231","242","62","41","14","1","6","22","29","8","2","56","1","1","1","8","2","1",".268","8002"
"Desmond Jennings","Rays","28","97","108","26","22","2","1","1","9","7","8","0","17","1","2","0","2","5","3",".268","1965"
"Tommy Pham","Cardinals","52","153","173","41","24","7","5","5","28","18","19","1","41","0","1","0","1","2","0",".268","2967"
"Travis d'Arnaud","Mets","67","239","268","64","37","14","1","12","31","41","23","0","49","4","2","0","7","0","0",".268","7739"
"Matt Wieters","Orioles","75","258","282","69","46","14","1","8","24","25","21","0","67","0","3","0","4","0","0",".267","4298"
"Cameron Maybin","Braves","141","505","555","135","105","18","2","10","65","59","45","1","102","1","3","1","16","23","6",".267","5223"
"Eddie Rosario","Twins","122","453","474","121","75","18","15","13","60","50","15","3","118","0","3","3","5","11","6",".267","12155"
"Austin Jackson","- - -","136","491","527","131","94","25","3","9","56","48","29","0","126","3","1","3","5","17","10",".267","9848"
"Kyle Seager","Mariners","161","623","686","166","103","37","0","26","85","74","54","6","98","5","4","0","17","6","6",".266","9785"
"JB Shuck","White Sox","79","143","165","38","28","8","2","0","15","15","16","0","16","1","2","3","2","7","5",".266","6677"
"Tyler Collins","Tigers","60","192","207","51","33","11","3","4","18","25","13","0","43","1","0","1","2","2","1",".266","12723"
"Andrelton Simmons","Braves","147","535","583","142","113","23","2","4","60","44","39","6","48","6","2","1","19","5","3",".265","10847"
"Asdrubal Cabrera","Rays","143","505","551","134","86","28","5","15","66","58","36","4","107","3","6","1","14","6","3",".265","4962"
"Giancarlo Stanton","Marlins","74","279","318","74","34","12","1","27","47","67","34","6","95","2","3","0","5","4","2",".265","4949"
"Joe Mauer","Twins","158","592","666","157","111","34","2","10","69","66","67","12","112","1","5","1","22","2","1",".265","1857"
"Carl Crawford","Dodgers","69","181","193","48","33","9","2","4","19","16","10","1","41","0","0","0","3","10","2",".265","1201"
"Matt Kemp","Padres","154","596","648","158","101","31","3","23","80","100","39","0","147","5","8","0","17","12","2",".265","5631"
"Starlin Castro","Cubs","151","547","578","145","109","23","2","11","52","69","21","6","91","5","4","1","18","5","5",".265","4579"
"Brandon Guyer","Rays","128","332","385","88","57","21","2","8","51","28","25","0","61","24","1","3","5","10","4",".265","2636"
"Didi Gregorius","Yankees","155","525","578","139","104","24","2","9","57","56","33","0","85","11","6","3","4","5","3",".265","6012"
"Kelly Johnson","- - -","111","310","335","82","57","11","0","14","38","47","23","2","81","0","1","0","8","2","1",".265","2234"
"James McCann","Tigers","114","401","425","106","76","18","5","7","32","41","16","0","90","3","1","4","17","0","1",".264","12859"
"Jonathan Lucroy","Brewers","103","371","415","98","68","20","3","7","51","43","36","0","64","1","6","1","18","1","0",".264","7870"
"Scooter Gennett","Brewers","114","375","391","99","71","18","4","6","42","29","12","5","68","4","0","0","11","1","3",".264","10339"
"Anthony Rendon","Nationals","80","311","355","82","61","16","0","5","43","25","36","0","70","4","4","0","8","1","2",".264","12861"
"Kevin Kiermaier","Rays","151","505","535","133","86","25","12","10","62","40","24","0","95","2","2","2","7","18","5",".263","11038"
"Freddy Galvis","Phillies","151","559","603","147","121","14","5","7","63","50","30","1","103","3","4","7","11","10","1",".263","6609"
"Wilmer Flores","Mets","137","483","510","127","89","22","0","16","55","59","19","2","63","4","2","2","12","0","1",".263","5827"
"Jake Lamb","Diamondbacks","107","350","390","92","66","15","5","6","38","34","36","3","97","1","3","0","5","3","2",".263","13329"
"Jorge Soler","Cubs","101","366","404","96","67","18","1","10","39","47","32","5","121","3","3","0","9","3","1",".262","14221"
"Kolten Wong","Cardinals","150","557","613","146","103","28","4","11","71","61","36","2","95","15","5","0","10","15","8",".262","12532"
"C.J. Cron","Angels","113","378","404","99","65","17","1","16","37","51","17","1","82","5","3","0","9","3","1",".262","12546"
"Mark Trumbo","- - -","142","508","545","133","85","23","3","22","62","64","36","1","132","0","1","0","12","0","0",".262","6876"
"Chris Davis","Orioles","160","573","670","150","72","31","0","47","100","117","84","6","208","8","5","0","6","2","3",".262","9272"
"Angel Pagan","Giants","133","512","551","134","107","21","3","3","55","37","32","0","93","1","6","0","12","12","4",".262","2918"
"Eduardo Escobar","Twins","127","409","446","107","60","31","4","12","48","58","28","1","86","2","5","2","7","2","3",".262","6153"
"Justin Bour","Marlins","129","409","446","107","64","20","0","23","42","73","34","3","101","2","1","0","19","0","0",".262","9744"
"Alejandro De Aza","- - -","114","325","365","85","54","17","7","7","51","35","31","3","84","5","2","2","6","7","5",".262","3371"
"Delino DeShields","Rangers","121","425","492","111","77","22","10","2","83","37","53","1","101","3","4","7","1","25","8",".261","11379"
"Greg Bird","Yankees","46","157","178","41","21","9","0","11","26","31","19","0","53","1","1","0","1","0","0",".261","14131"
"Ruben Tejada","Mets","116","360","407","94","68","23","0","3","36","28","38","5","70","5","2","2","6","2","1",".261","5519"
"Stephen Vogt","Athletics","136","445","511","116","74","21","3","18","58","71","56","6","97","2","8","0","9","0","2",".261","5000"
"Pedro Ciriaco","Braves","84","142","151","37","27","8","1","1","14","15","2","0","38","2","3","2","1","4","2",".261","5278"
"Rougned Odor","Rangers","120","426","470","111","65","21","9","16","54","61","23","2","79","14","5","2","3","6","7",".261","12282"
"Salvador Perez","Royals","142","531","553","138","92","25","0","21","52","70","13","4","82","4","5","0","23","1","0",".260","7304"
"Rafael Ynoa","Rockies","72","127","131","33","24","8","1","0","14","9","3","0","28","0","0","1","2","1","0",".260","2832"
"Brett Lawrie","Athletics","149","562","602","146","98","29","3","16","64","60","28","1","144","5","4","3","8","5","2",".260","5247"
"Marcell Ozuna","Marlins","123","459","494","119","82","27","0","10","47","44","30","1","110","3","2","0","10","2","3",".259","10324"
"Brett Gardner","Yankees","151","571","656","148","103","26","3","16","94","66","68","1","135","6","3","8","8","20","5",".259","9927"
"Shane Peterson","Brewers","93","201","226","52","40","7","3","2","22","16","20","1","55","0","1","3","3","0","1",".259","7423"
"Chase Headley","Yankees","156","580","642","150","109","29","1","11","74","62","51","0","135","7","4","0","17","0","2",".259","4720"
"Curtis Granderson","Mets","157","580","682","150","89","33","2","26","98","70","91","3","151","7","4","0","3","11","6",".259","4747"
"Michael Cuddyer","Mets","117","379","408","98","69","18","1","10","44","41","24","0","88","4","1","0","13","2","0",".259","1534"
"Melvin Upton Jr.","Padres","87","205","228","53","32","12","4","5","23","17","21","2","62","0","0","2","1","9","3",".259","5015"
"Juan Lagares","Mets","143","441","465","114","87","16","5","6","47","41","16","2","87","4","3","1","6","7","3",".259","5384"
"J.T. Realmuto","Marlins","126","441","467","114","76","21","7","10","49","47","19","2","70","2","4","1","11","8","4",".259","11739"
"Elvis Andrus","Rangers","160","596","661","154","111","34","2","7","69","62","46","1","78","2","9","8","14","25","9",".258","8709"
"Rajai Davis","Tigers","112","341","370","88","53","16","11","8","55","30","22","0","76","3","3","1","5","18","8",".258","3708"
"Brad Miller","Mariners","144","438","497","113","76","22","4","11","44","46","47","0","101","2","6","4","7","13","4",".258","12775"
"Zack Cozart","Reds","53","194","214","50","30","10","1","9","28","28","14","1","29","2","3","1","4","3","3",".258","2616"
"Jeff Francoeur","Phillies","119","326","343","84","54","16","1","13","34","45","13","0","77","1","3","0","10","0","2",".258","4792"
"Marcus Semien","Athletics","155","556","601","143","98","23","7","15","65","45","42","1","132","1","1","1","16","11","5",".257","12533"
"Jean Segura","Brewers","142","560","584","144","117","16","5","6","57","50","13","2","93","6","2","3","14","25","6",".257","5933"
"David Freese","Angels","121","424","470","109","68","27","0","14","53","56","31","0","107","12","3","0","12","1","1",".257","9549"
"Avisail Garcia","White Sox","148","553","601","142","110","17","2","13","66","59","36","3","141","8","4","0","13","7","7",".257","5760"
"Jacoby Ellsbury","Yankees","111","452","501","116","92","15","2","7","66","33","35","1","86","7","3","1","6","21","9",".257","4727"
"Alcides Escobar","Royals","148","612","662","157","129","20","5","3","76","47","26","1","75","8","5","11","10","17","5",".257","6310"
"Brandon Crawford","Giants","143","507","561","130","72","33","4","21","65","84","39","9","119","11","4","0","18","6","4",".256","5343"
"Gregory Polanco","Pirates","153","593","652","152","102","35","6","9","83","52","55","6","121","1","2","1","5","27","10",".256","12907"
"Derek Dietrich","Marlins","90","250","289","64","37","14","3","10","38","24","23","2","65","13","3","0","4","0","2",".256","10542"
"Aaron Hicks","Twins","97","352","390","90","65","11","3","11","48","33","34","2","66","2","2","0","6","13","3",".256","5297"
"Kole Calhoun","Angels","159","630","686","161","110","23","2","26","78","83","45","1","164","5","4","2","6","4","1",".256","11200"
"Andrew Romine","Tigers","109","184","203","47","40","5","0","2","25","15","11","1","46","3","1","4","4","10","5",".255","1159"
"Yasiel Puig","Dodgers","79","282","311","72","46","12","3","11","30","38","26","1","66","2","1","0","1","3","3",".255","14225"
"Todd Frazier","Reds","157","619","678","158","79","43","1","35","82","89","44","3","137","7","7","1","19","13","8",".255","785"
"Carlos Gomez","- - -","115","435","477","111","69","29","1","12","61","56","31","1","101","7","1","3","5","17","9",".255","4881"
"Chris Johnson","- - -","83","243","255","62","48","11","0","3","18","18","10","0","74","1","1","0","5","2","1",".255","1191"
"Mark Teixeira","Yankees","111","392","462","100","47","22","0","31","57","79","59","6","85","6","5","0","7","2","0",".255","1281"
"Chris Gimenez","Rangers","36","98","113","25","13","6","1","5","19","14","10","0","19","1","0","4","2","2","0",".255","7324"
"Nicholas Castellanos","Tigers","154","549","595","140","86","33","6","15","42","73","39","1","152","1","6","0","21","0","3",".255","11737"
"Alex Rios","Royals","105","385","411","98","70","22","2","4","40","32","15","0","67","5","6","0","10","9","0",".255","2090"
"Mark Canha","Athletics","124","441","485","112","71","22","3","16","61","70","33","0","96","8","3","0","9","7","2",".254","11445"
"Anthony Gose","Tigers","140","485","535","123","86","24","8","5","73","26","45","0","145","3","0","2","11","23","11",".254","5097"
"Wil Myers","Padres","60","225","253","57","35","13","1","8","40","29","27","0","55","1","0","0","2","5","2",".253","10047"
"Josh Hamilton","Rangers","50","170","182","43","27","8","0","8","22","25","10","0","52","0","2","0","1","0","0",".253","1875"
"Juan Uribe","- - -","119","360","397","91","60","17","0","14","40","43","34","3","80","2","1","0","12","2","0",".253","454"
"Grady Sizemore","- - -","97","273","296","69","46","17","0","6","24","33","20","0","60","2","1","0","3","3","3",".253","2197"
"Rusney Castillo","Red Sox","80","273","289","69","52","10","2","5","35","29","13","0","54","1","1","1","11","4","5",".253","17016"
"Matt den Dekker","Nationals","55","99","110","25","13","6","1","5","12","12","9","0","20","0","0","2","0","0","1",".253","11385"
"Tucker Barnhart","Reds","81","242","274","61","49","9","0","3","23","18","25","5","45","2","3","2","10","0","1",".252","10200"
"Chris Young","Yankees","140","318","356","80","45","20","1","14","53","42","30","2","73","3","2","3","6","3","1",".252","3882"
"Brandon Barnes","Rockies","106","255","281","64","47","13","2","2","30","17","21","3","67","3","1","1","6","4","2",".251","629"
"Billy Butler","Athletics","151","538","601","135","91","28","1","15","63","65","52","4","101","7","4","0","26","0","0",".251","7399"
"Justin Upton","Padres","150","542","620","136","81","26","3","26","85","81","68","5","159","4","5","0","10","19","5",".251","5222"
"Derek Norris","Padres","147","515","557","129","80","33","2","14","65","62","35","1","131","6","1","0","5","4","1",".250","6867"
"Alex Rodriguez","Yankees","151","523","620","131","75","22","1","33","83","86","84","5","145","6","7","0","17","4","0",".250","1274"
"Jose Bautista","Blue Jays","153","543","666","136","64","29","3","40","108","114","110","2","106","5","8","0","19","8","2",".250","1887"
"Dexter Fowler","Cubs","156","596","690","149","95","29","8","17","102","46","84","1","154","5","3","2","5","20","7",".250","4062"
"Shane Robinson","Twins","83","180","197","45","35","7","3","0","28","16","12","0","29","1","1","3","4","6","1",".250","4249"
"Jarrod Dyson","Royals","90","200","225","50","34","8","6","2","31","18","14","0","37","4","1","6","3","26","3",".250","4866"
"Abraham Almonte","- - -","82","232","258","58","36","12","5","5","36","24","21","0","52","0","2","3","5","7","1",".250","5486"
"Chris Coghlan","Cubs","148","440","503","110","63","25","6","16","64","41","58","6","94","3","1","1","8","11","2",".250","6878"
"Ryan Goins","Blue Jays","128","376","428","94","69","16","4","5","52","45","39","0","83","1","5","7","12","2","1",".250","9807"
"Carlos Perez","Angels","86","260","283","65","48","13","0","4","20","21","19","0","49","0","2","2","7","2","0",".250","10642"
"Hanley Ramirez","Red Sox","105","401","430","100","68","12","1","19","59","53","21","2","71","4","4","0","11","6","3",".249","8001"
"Paulo Orlando","Royals","86","241","251","60","33","14","6","7","31","27","5","0","53","2","1","2","0","3","3",".249","8628"
"Josh Phegley","Athletics","73","225","243","56","30","16","1","9","27","34","14","0","51","3","1","0","5","0","0",".249","9308"
"Jackie Bradley Jr.","Red Sox","74","221","255","55","24","17","4","10","43","43","27","0","69","3","3","1","5","3","0",".249","12984"
"Alexei Ramirez","White Sox","154","583","622","145","102","33","0","10","54","62","31","2","68","1","6","1","18","17","7",".249","5133"
"Ryan Zimmerman","Nationals","95","346","390","86","44","25","1","16","43","73","33","0","79","1","10","0","13","1","0",".249","4220"
"Seth Smith","Mariners","136","395","452","98","50","31","5","12","54","42","47","4","99","4","5","1","15","0","0",".248","7331"
"Justin Ruggiano","- - -","57","125","141","31","16","8","1","6","20","15","14","0","41","2","0","0","1","5","2",".248","7620"
"Miguel Montero","Cubs","113","347","403","86","60","11","0","15","36","53","49","5","103","4","3","0","9","1","1",".248","3364"
"Khris Davis","Brewers","121","392","440","97","52","16","2","27","54","66","44","1","122","1","3","0","9","6","2",".247","9112"
"Eric Sogard","Athletics","120","372","401","92","76","12","3","1","40","37","23","1","50","2","1","3","9","6","1",".247","7927"
"Ryan Hanigan","Red Sox","54","174","201","43","33","8","0","2","28","16","20","0","39","4","1","1","6","0","0",".247","4952"
"Nolan Reimold","Orioles","61","170","195","42","30","5","1","6","24","20","23","2","47","2","0","0","2","0","0",".247","3441"
"Marlon Byrd","- - -","135","506","544","125","72","25","5","23","58","73","29","2","145","4","5","0","10","2","1",".247","950"
"Jedd Gyorko","Padres","128","421","458","104","73","15","0","16","34","57","27","1","107","5","5","0","13","0","1",".247","10816"
"Aramis Ramirez","- - -","137","475","516","117","68","31","1","17","43","75","31","3","68","5","5","0","23","1","0",".246","1002"
"Lonnie Chisenhall","Indians","106","333","362","82","55","19","1","7","38","44","23","3","69","1","3","2","0","4","1",".246","7571"
"Kyle Schwarber","Cubs","69","232","273","57","34","6","1","16","52","43","36","1","77","4","1","0","4","3","3",".246","16478"
"Dioner Navarro","Blue Jays","54","171","192","42","30","7","0","5","17","20","17","1","29","0","4","0","0","0","0",".246","3179"
"Evan Gattis","Astros","153","566","604","139","81","20","11","27","66","88","30","3","119","3","5","0","13","0","1",".246","11003"
"Sean Rodriguez","Pirates","139","224","240","55","38","12","1","4","25","17","5","0","63","6","0","5","9","2","2",".246","6589"
"Victor Martinez","Tigers","120","440","485","108","77","20","0","11","39","64","31","8","52","7","7","0","18","0","0",".245","393"
"Cody Asche","Phillies","129","425","456","104","67","22","3","12","41","39","26","3","111","4","1","0","4","1","2",".245","11997"
"Pablo Sandoval","Red Sox","126","470","505","115","79","25","1","10","43","47","25","1","73","7","2","1","14","0","0",".245","5409"
"Trevor Plouffe","Twins","152","573","632","140","79","35","4","22","74","86","50","0","124","4","4","1","28","2","1",".244","7462"
"Albert Pujols","Angels","157","602","661","147","85","22","0","40","85","95","50","10","72","6","3","0","15","5","3",".244","1177"
"Lucas Duda","Mets","135","471","554","115","55","33","0","27","67","73","66","7","138","14","3","0","12","0","2",".244","2502"
"Ivan De Jesus","Reds","76","201","222","49","33","10","2","4","15","28","19","0","55","1","1","0","3","0","2",".244","9886"
"Jordy Mercer","Pirates","116","394","430","96","72","21","0","3","34","34","27","7","73","2","3","4","7","3","2",".244","6547"
"Will Venable","- - -","135","349","390","85","63","13","3","6","40","33","37","3","94","2","0","2","8","16","1",".244","211"
"Hernan Perez","- - -","112","263","272","64","46","15","2","1","14","21","5","1","59","0","1","3","6","5","1",".243","5751"
"Preston Tucker","Astros","98","300","323","73","41","19","0","13","35","33","20","0","68","3","0","0","3","0","2",".243","13633"
"Pedro Alvarez","Pirates","150","437","491","106","61","18","0","27","60","77","48","9","131","2","4","0","6","2","0",".243","2495"
"Elian Herrera","Brewers","83","256","277","62","37","18","0","7","29","33","18","1","72","0","2","1","4","3","1",".242","5432"
"Addison Russell","Cubs","142","475","523","115","72","29","1","13","60","54","42","2","149","3","2","1","8","4","3",".242","14106"
"Skip Schumaker","Reds","131","244","268","59","38","20","0","1","23","21","23","2","51","0","1","0","7","2","2",".242","3704"
"Aaron Altherr","Phillies","39","137","161","33","13","11","4","5","25","22","16","0","41","5","2","1","3","6","2",".241","11270"
"Russell Martin","Blue Jays","129","441","507","106","58","23","2","23","76","77","53","1","106","8","5","0","22","4","5",".240","4616"
"Kurt Suzuki","Twins","131","433","479","104","82","17","0","5","36","50","29","4","59","7","4","6","14","0","0",".240","8259"
"Matt Adams","Cardinals","60","175","186","42","28","9","0","5","14","24","10","1","41","0","1","0","1","1","0",".240","9393"
"Kennys Vargas","Twins","58","175","184","42","33","4","0","5","18","17","9","0","54","0","0","0","7","0","0",".240","12101"
"Torii Hunter","Twins","139","521","567","125","81","22","0","22","67","81","35","1","105","6","5","0","14","2","5",".240","731"
"Jason Bourgeois","Reds","68","196","212","47","37","5","2","3","28","14","14","0","33","1","0","1","2","3","1",".240","2225"
"Danny Espinosa","Nationals","118","367","412","88","53","21","1","13","59","37","33","5","106","6","3","3","6","5","2",".240","9219"
"Daniel Castro","Braves","33","96","100","23","18","2","1","2","14","5","3","0","15","0","0","1","4","0","0",".240","15450"
"Scott Van Slyke","Dodgers","96","222","253","53","33","14","0","6","19","30","23","2","62","4","3","1","5","3","1",".239","4365"
"Tyler Flowers","White Sox","112","331","361","79","58","12","0","9","21","39","21","0","104","6","1","2","8","0","1",".239","9134"
"Jace Peterson","Braves","152","528","597","126","92","23","5","6","55","52","56","4","120","3","3","7","5","12","10",".239","12325"
"Colby Rasmus","Astros","137","432","485","103","53","23","2","25","67","61","47","0","154","2","3","1","6","2","1",".238","9893"
"Michael Bourn","- - -","141","425","482","101","84","15","2","0","39","30","46","0","107","0","3","8","5","17","7",".238","6387"
"Curt Casali","Rays","38","101","113","24","8","6","0","10","13","18","8","0","34","2","1","1","2","0","0",".238","12510"
"A.J. Ellis","Dodgers","63","181","217","43","27","9","0","7","24","21","32","1","38","1","0","3","4","0","0",".238","5677"
"Domingo Santana","- - -","52","160","187","38","23","7","0","8","20","26","20","0","63","5","2","0","2","4","1",".238","10348"
"Welington Castillo","- - -","110","342","378","81","46","15","1","19","42","57","25","1","92","6","5","0","12","0","0",".237","3256"
"Jake Marisnick","Astros","133","339","372","80","52","15","4","9","46","36","18","0","105","5","4","6","2","24","9",".236","11339"
"Jerry Sands","Indians","50","123","133","29","19","5","1","4","11","19","9","0","36","0","1","0","0","0","0",".236","4016"
"Brian Dozier","Twins","157","628","704","148","77","39","4","28","101","77","61","2","148","7","8","0","10","12","4",".236","9810"
"Darin Ruf","Phillies","106","268","297","63","39","12","0","12","30","39","21","0","69","5","3","0","7","1","0",".235","9929"
"Alberto Callaspo","- - -","97","230","261","54","46","7","0","1","20","15","28","1","34","0","2","1","6","0","0",".235","3336"
"Caleb Joseph","Orioles","100","320","355","75","47","16","1","11","38","49","27","2","72","3","1","3","7","0","0",".234","7087"
"Yasmani Grandal","Dodgers","115","355","426","83","55","12","0","16","43","47","65","1","92","2","3","1","16","0","1",".234","11368"
"Cameron Rupp","Phillies","81","270","299","63","44","9","1","9","24","28","24","5","71","3","2","0","8","0","1",".233","11146"
"Ian Desmond","Nationals","156","583","641","136","88","27","2","19","69","62","45","0","187","3","4","6","9","13","5",".233","6885"
"Alex Guerrero","Dodgers","106","219","230","51","30","9","1","11","25","36","7","0","57","2","2","0","7","1","0",".233","15670"
"David DeJesus","- - -","112","288","317","67","51","9","2","5","27","30","21","1","52","6","2","0","5","3","2",".233","1825"
"Brian McCann","Yankees","135","465","535","108","66","15","1","26","68","94","52","3","97","11","7","0","7","0","0",".232","4810"
"Travis Snider","- - -","87","237","265","55","37","12","2","4","24","28","26","2","66","2","0","0","3","1","0",".232","2830"
"Clint Barmes","Padres","98","207","224","48","30","14","1","3","24","16","10","2","55","4","0","3","0","0","1",".232","1830"
"Robinson Chirinos","Rangers","78","233","273","54","27","16","1","10","33","34","28","0","62","5","2","5","4","0","0",".232","3142"
"Michael Morse","- - -","98","229","256","53","40","7","1","5","14","19","23","0","76","4","0","0","10","0","0",".231","3035"
"Yan Gomes","Indians","95","363","389","84","50","22","0","12","38","45","13","1","104","7","6","0","11","0","0",".231","9627"
"Dustin Ackley","- - -","108","238","264","55","31","11","3","10","28","30","18","0","45","1","4","3","3","2","2",".231","10099"
"Mike Aviles","Indians","98","290","317","67","52","10","0","5","37","17","20","0","38","1","1","5","18","3","1",".231","5986"
"Carlos Santana","Indians","154","550","666","127","77","29","2","19","72","85","108","8","122","3","5","0","20","11","3",".231","2396"
"Mark Reynolds","Cardinals","140","382","432","88","52","21","2","13","35","48","44","2","121","4","2","0","10","2","3",".230","7619"
"Shane Victorino","- - -","71","178","204","41","34","4","2","1","19","7","16","1","32","5","2","3","4","7","0",".230","1677"
"Jonathan Herrera","Cubs","73","126","132","29","21","5","1","2","14","14","2","1","23","0","0","4","3","3","0",".230","4182"
"Aaron Hill","Diamondbacks","116","313","353","72","48","18","0","6","32","39","31","0","54","1","8","0","9","7","2",".230","6104"
"Micah Johnson","White Sox","36","100","114","23","19","4","0","0","10","4","9","0","30","2","0","2","0","3","2",".230","13809"
"Wilson Ramos","Nationals","128","475","504","109","78","16","0","15","41","68","21","2","101","0","8","0","16","0","0",".229","1433"
"Brendan Ryan","Yankees","47","96","103","22","14","6","2","0","10","8","5","0","29","1","0","1","1","0","0",".229","6073"
"Ryan Howard","Phillies","129","467","503","107","54","29","1","23","53","77","27","2","138","5","3","0","11","0","0",".229","2154"
"Ike Davis","Athletics","74","214","239","49","29","17","0","3","19","20","23","0","44","0","2","0","5","0","0",".229","8433"
"Hank Conger","Astros","73","201","229","46","24","11","0","11","25","33","23","0","63","2","2","1","6","0","1",".229","2505"
"Michael A. Taylor","Nationals","138","472","511","108","77","15","2","14","49","63","35","9","158","1","2","1","5","16","3",".229","11489"
"Ichiro Suzuki","Marlins","153","398","438","91","79","5","6","1","45","21","31","1","51","0","4","5","8","11","5",".229","1101"
"Roberto Perez","Indians","70","184","226","42","25","9","1","7","30","21","33","1","64","2","2","5","9","0","0",".228","2900"
"Adam Rosales","Rangers","55","114","125","26","19","4","0","3","14","7","10","0","30","1","0","0","4","4","4",".228","9682"
"Conor Gillaspie","- - -","75","237","253","54","33","15","2","4","14","24","13","2","47","1","2","0","2","0","1",".228","9009"
"Domonic Brown","Phillies","63","189","204","43","31","6","1","5","19","25","14","0","36","1","0","0","2","3","1",".228","3154"
"Chris Owings","Diamondbacks","147","515","552","117","81","27","5","4","59","43","26","3","144","1","3","7","9","16","4",".227","10030"
"Justin Smoak","Blue Jays","132","296","328","67","32","16","1","18","44","59","29","0","86","2","1","0","10","0","0",".226","9054"
"Brandon Moss","- - -","145","469","526","106","61","24","2","19","47","58","49","4","148","5","3","0","12","0","1",".226","4467"
"Jay Bruce","Reds","157","580","649","131","66","35","4","26","72","87","58","8","145","2","9","0","10","9","5",".226","9892"
"Billy Hamilton","Reds","114","412","454","93","78","8","3","4","56","28","28","0","75","1","4","9","5","57","8",".226","10199"
"Nick Ahmed","Diamondbacks","134","421","459","95","63","17","6","9","49","34","29","1","81","1","3","5","4","4","5",".226","12147"
"Logan Morrison","Mariners","146","457","511","103","68","15","3","17","47","54","47","5","81","4","2","1","7","8","4",".225","9205"
"Steven Souza Jr.","Rays","110","373","426","84","52","15","1","16","59","40","46","0","144","5","1","1","7","12","6",".225","5667"
"Jarrod Saltalamacchia","- - -","79","200","227","45","21","15","0","9","26","24","23","0","69","2","1","1","5","0","0",".225","5557"
"Giovanny Urshela","Indians","81","267","288","60","45","8","1","6","25","21","18","0","58","2","0","1","9","0","1",".225","10681"
"Tyler Saladino","White Sox","68","236","254","53","39","6","4","4","33","20","12","0","51","2","1","3","9","8","2",".225","10807"
"Jimmy Rollins","Dodgers","144","517","563","116","76","24","3","13","71","41","44","0","86","0","1","1","12","12","8",".224","971"
"Yolmer Sanchez","White Sox","120","389","420","87","58","23","1","5","40","31","19","0","81","5","1","6","9","2","2",".224","11602"
"Mike Napoli","- - -","133","407","469","91","52","20","1","18","46","50","57","3","118","4","1","0","11","3","3",".224","3057"
"Luis Valbuena","Astros","132","434","493","97","54","18","0","25","62","56","50","1","106","6","3","0","13","1","0",".224","4969"
"Dalton Pompey","Blue Jays","34","94","103","21","11","8","0","2","17","6","7","0","23","2","0","0","1","5","1",".223","12797"
"Jesus Montero","Mariners","38","112","116","25","14","6","0","5","11","19","4","0","32","0","0","0","2","0","0",".223","5514"
"Hanser Alberto","Rangers","41","99","104","22","19","2","1","0","12","4","2","0","17","0","0","3","2","1","0",".222","11902"
"Jed Lowrie","Astros","69","230","263","51","28","14","0","9","35","30","28","5","43","3","2","0","3","1","0",".222","4418"
"Tim Beckham","Rays","83","203","223","45","25","7","4","9","24","37","13","0","69","3","4","0","3","3","1",".222","7949"
"Logan Schafer","Brewers","69","122","143","27","19","6","1","1","17","6","12","0","29","2","1","6","3","1","0",".221","7937"
"Jayson Werth","Nationals","88","331","378","73","44","16","1","12","51","42","38","0","84","3","6","0","8","0","1",".221","1327"
"Omar Infante","Royals","124","440","455","97","65","23","7","2","39","44","9","0","69","0","4","2","8","2","2",".220","1609"
"Geovany Soto","White Sox","78","187","210","41","24","8","0","9","20","21","21","0","63","1","0","1","2","0","1",".219","3707"
"Jose Ramirez","Indians","97","315","355","69","46","14","3","6","50","27","32","0","39","1","2","5","5","10","4",".219","13510"
"J.J. Hardy","Orioles","114","411","437","90","68","14","0","8","45","37","20","0","88","0","4","2","11","0","0",".219","3797"
"Kevin Plawecki","Mets","73","233","258","51","39","9","0","3","18","21","17","4","60","4","3","1","4","0","0",".219","13807"
"Leonys Martin","Rangers","95","288","310","63","46","12","0","5","26","25","16","1","69","2","1","3","5","14","5",".219","11846"
"Andrew Susac","Giants","52","133","148","29","17","7","2","3","14","14","14","0","43","1","0","0","2","0","0",".218","13132"
"Steve Pearce","Orioles","92","294","325","64","35","13","1","15","42","40","23","1","69","7","1","0","11","1","1",".218","9957"
"Chris Parmelee","Orioles","32","97","102","21","9","7","1","4","11","9","4","0","26","1","0","0","1","0","1",".216","2554"
"Garrett Jones","Yankees","57","144","152","31","21","4","1","5","12","17","8","0","37","0","0","0","1","0","0",".215","2714"
"Danny Santana","Twins","91","261","277","56","41","10","5","0","30","21","6","1","68","3","0","7","7","8","4",".215","10322"
"Jonny Gomes","- - -","95","225","262","48","32","9","0","7","29","26","31","1","81","3","3","0","6","1","1",".213","1845"
"Chase Utley","- - -","107","373","423","79","48","21","2","8","37","39","32","4","64","10","8","0","7","4","0",".212","1679"
"Will Middlebrooks","Padres","83","255","270","54","36","7","2","9","23","29","11","0","60","0","4","0","4","2","1",".212","7002"
"Carlos Ruiz","Phillies","86","284","320","60","44","13","1","2","23","22","28","2","43","4","1","3","13","1","1",".211","2579"
"Dilson Herrera","Mets","31","90","103","19","12","3","1","3","7","6","11","1","23","2","0","0","2","2","0",".211","14335"
"Tuffy Gosewisch","Diamondbacks","38","128","138","27","20","6","0","1","9","13","8","0","23","1","1","0","2","2","1",".211","5277"
"Jason Castro","Astros","104","337","375","71","41","19","0","11","38","31","33","1","115","2","3","0","5","0","0",".211","8722"
"Joc Pederson","Dodgers","151","480","585","101","55","19","1","26","67","54","92","6","170","9","2","2","5","4","7",".210","11899"
"Martin Maldonado","Brewers","79","229","256","48","37","7","0","4","19","22","23","3","65","1","2","1","6","0","1",".210","6887"
"Cliff Pennington","- - -","105","210","249","44","35","6","0","3","24","21","27","2","49","1","4","7","6","3","0",".210","3395"
"Jon Jay","Cardinals","79","210","245","44","37","5","1","1","25","10","19","5","36","11","2","3","7","0","2",".210","5227"
"Byron Buxton","Twins","46","129","138","27","17","7","1","2","16","6","6","0","44","1","0","2","1","2","2",".209","14161"
"Justin Maxwell","Giants","100","249","274","52","35","8","2","7","26","26","20","1","76","3","1","1","4","2","1",".209","6827"
"Gordon Beckham","White Sox","100","211","237","44","30","8","0","6","24","20","19","1","43","2","4","1","6","0","1",".209","9015"
"Everth Cabrera","Orioles","29","96","105","20","18","2","0","0","7","4","5","0","22","1","2","1","4","2","0",".208","8155"
"Adam LaRoche","White Sox","127","429","484","89","56","21","0","12","41","44","49","0","133","4","2","0","10","0","0",".207","1904"
"Max Muncy","Athletics","45","102","112","21","9","8","1","3","14","9","9","0","31","0","1","0","0","0","0",".206","13301"
"Jake Elmore","Rays","51","141","158","29","22","5","0","2","10","16","12","1","25","0","3","2","6","1","1",".206","7290"
"Daniel Descalso","Rockies","101","185","209","38","28","3","2","5","22","22","20","6","45","0","0","4","3","1","2",".205","8392"
"Michael McKenry","Rockies","58","127","152","26","12","7","3","4","20","17","22","0","41","2","1","0","2","2","2",".205","9628"
"Tony Cruz","Cardinals","69","142","151","29","19","7","1","2","6","11","6","0","32","0","1","2","6","0","0",".204","2802"
"Alexi Amarista","Padres","118","324","357","66","49","10","4","3","28","30","24","4","55","1","5","3","6","5","1",".204","9063"
"Joey Gallo","Rangers","36","108","123","22","12","3","1","6","16","14","15","3","57","0","0","0","0","3","0",".204","14128"
"Tyler Moore","Nationals","97","187","200","38","20","12","0","6","14","27","11","2","45","1","1","0","2","0","0",".203","7244"
"Ryan Flaherty","Orioles","91","267","301","54","34","8","3","9","34","31","26","2","81","4","2","2","8","0","0",".202","7888"
"David Lough","Orioles","84","134","144","27","21","1","1","4","14","12","5","0","36","2","0","3","0","2","4",".201","7215"
"Stephen Drew","Yankees","131","383","428","77","43","16","1","17","43","44","37","1","71","1","3","4","7","0","2",".201","4251"
"Peter Bourjos","Cardinals","117","195","225","39","24","8","3","4","32","13","19","4","59","6","1","4","2","5","8",".200","2578"
"Christian Bethancourt","Braves","48","155","160","31","21","8","0","2","16","12","5","1","33","0","0","0","7","1","1",".200","10028"
"Chris Carter","Astros","129","391","460","78","37","17","0","24","50","64","57","1","151","6","5","0","5","1","2",".199","9911"
"Jose Lobaton","Nationals","44","136","155","27","20","4","0","3","11","20","15","1","40","1","2","1","5","0","0",".199","4243"
"Casey McGehee","- - -","109","237","258","47","33","12","0","2","14","20","21","0","50","0","0","0","18","1","1",".198","6086"
"Sam Fuld","Athletics","120","290","325","57","36","16","3","2","34","22","30","1","55","2","1","2","6","9","3",".197","8254"
"Eric Campbell","Mets","71","173","206","34","23","8","0","3","28","19","26","1","37","4","2","1","11","5","3",".197","6938"
"Nick Swisher","- - -","76","219","260","43","28","9","0","6","14","25","35","1","54","3","3","0","9","0","0",".196","4599"
"Drew Butera","- - -","55","107","120","21","17","3","0","1","9","5","6","0","26","2","0","5","0","0","1",".196","3411"
"Luis Sardinas","Brewers","36","97","105","19","18","0","1","0","8","4","6","1","25","0","1","1","3","0","0",".196","13153"
"Kirk Nieuwenhuis","- - -","74","128","141","25","10","11","0","4","21","14","10","0","49","3","0","0","2","2","2",".195","6400"
"Drew Stubbs","- - -","78","123","140","24","13","4","2","5","20","10","14","1","60","1","0","2","1","5","1",".195","9328"
"Daniel Nava","- - -","60","139","166","27","22","4","0","1","13","10","20","0","36","5","1","1","4","1","0",".194","5450"
"Jake Smolinski","- - -","76","166","192","32","17","7","2","6","24","26","19","0","39","3","4","0","3","1","1",".193","5408"
"Ryan Lavarnway","- - -","37","94","106","18","10","6","0","2","6","6","12","1","28","0","0","0","5","0","0",".191","8879"
"Mike Olt","- - -","30","94","102","18","14","0","0","4","7","5","7","0","35","1","0","0","2","0","1",".191","10698"
"Alex Avila","Tigers","67","178","219","34","25","5","0","4","21","13","40","0","66","0","0","1","4","0","1",".191","7476"
"Bobby Wilson","- - -","56","132","147","25","19","5","0","1","8","14","11","0","39","1","1","2","1","0","1",".189","6564"
"Chris Iannetta","Angels","92","272","317","51","31","10","0","10","28","34","41","1","83","1","3","0","11","0","1",".188","8267"
"Ehire Adrianza","Giants","52","113","134","21","13","7","1","0","11","11","15","0","20","4","0","2","2","3","2",".186","8418"
"Sandy Leon","Red Sox","41","114","128","21","19","2","0","0","8","3","7","1","28","1","0","6","4","0","1",".184","5273"
"Dan Uggla","Nationals","67","120","141","22","14","4","2","2","12","16","19","0","40","1","1","0","3","0","1",".183","3442"
"Hector Gomez","Brewers","66","127","134","23","9","11","2","1","15","7","3","0","40","2","0","2","1","0","0",".181","2264"
"Kyle Parker","Rockies","46","106","112","19","12","3","1","3","10","11","6","0","37","0","0","0","2","1","0",".179","11763"
"Rene Rivera","Rays","110","298","319","53","34","14","0","5","16","26","11","0","86","3","2","5","4","0","0",".178","3648"
"Carlos Corporan","Rangers","33","107","121","19","12","4","0","3","10","15","6","0","40","4","2","2","1","0","0",".178","5587"
"David Ross","Cubs","72","159","182","28","18","9","0","1","6","9","20","7","61","0","1","2","1","1","0",".176","1551"
"Coco Crisp","Athletics","44","126","139","22","16","6","0","0","11","6","13","0","25","0","0","0","2","2","0",".175","1572"
"Mike Zunino","Mariners","112","350","386","61","39","11","0","11","28","28","21","0","132","5","2","8","6","0","1",".174","13265"
"Matt Joyce","Angels","93","247","284","43","25","12","1","5","17","21","30","1","67","4","2","1","5","0","3",".174","3353"
"Chris Taylor","Mariners","37","94","102","16","12","3","1","0","9","1","6","0","31","0","0","2","0","3","2",".170","13757"
"Austin Hedges","Padres","56","137","152","23","18","2","0","3","13","11","8","1","38","1","3","3","1","0","0",".168","12976"
"John Mayberry","Mets","59","110","119","18","8","6","1","3","8","9","9","0","33","0","0","0","2","1","0",".164","3390"
"Taylor Featherston","Angels","101","154","169","25","17","5","1","2","23","9","7","0","46","3","1","4","3","4","2",".162","12590"
"Jeff Mathis","Marlins","32","93","103","15","8","4","1","2","9","12","7","1","24","0","3","0","2","0","0",".161","3448"
"Nick Franklin","Rays","44","101","109","16","8","4","1","3","11","7","7","0","37","0","0","1","2","1","0",".158","10166"
"Jesus Sucre","Mariners","52","127","142","20","13","6","0","1","9","7","6","0","21","0","0","9","6","0","0",".157","5942"
"Pete Kozma","Cardinals","76","99","111","15","15","0","0","0","15","2","10","2","21","1","0","1","0","3","1",".152","2539"
"Chris Herrmann","Twins","45","103","113","15","7","5","1","2","13","10","7","0","37","2","0","1","1","0","0",".146","9284"
"Kristopher Negron","Reds","43","93","107","13","11","2","0","0","5","2","9","0","23","3","0","2","2","2","0",".140","5306"
