"Name","Team","G","PA","HR","R","RBI","SB","BB%","K%","ISO","BABIP","AVG","OBP","SLG","wOBA","wRC+","BsR","Off","Def","WAR","playerid"
"Cody Bellinger","Dodgers","20","86","10","24","24","3","12.8 %","11.6 %",".486",".407",".432",".512",".919",".574","263","-0.5","17.7","-0.5","2.0","15998"
"Christian Yelich","Brewers","20","91","10","19","27","3","13.2 %","15.4 %",".442",".315",".351",".440",".792",".490","204","1.0","13.2","-0.2","1.6","11477"
"Mike Trout","Angels","16","68","5","12","12","1","25.0 %","7.4 %",".370",".297",".348",".544",".717",".503","233","0.5","11.4","2.0","1.6","10155"
"Paul DeJong","Cardinals","18","81","4","17","10","1","7.4 %","19.8 %",".288",".396",".342",".407",".630",".434","170","1.3","8.7","1.4","1.3","18015"
"Anthony Rendon","Nationals","17","76","6","20","18","0","10.5 %","17.1 %",".409",".396",".379",".447",".788",".498","208","0.9","11.6","-1.4","1.3","12861"
"Jorge Polanco","Twins","16","69","3","11","5","0","10.1 %","15.9 %",".317",".447",".400",".464",".717",".484","215","0.2","9.8","-0.1","1.2","13152"
"Tim Anderson","White Sox","16","66","4","14","12","7","1.5 %","18.2 %",".234",".479",".422",".439",".656",".464","204","1.3","9.5","0.2","1.2","15172"
"Austin Meadows","Rays","18","74","6","10","17","3","10.8 %","18.9 %",".333",".391",".364",".432",".697",".462","205","0.7","10.0","-0.6","1.2","15672"
"Ronald Acuna Jr.","Braves","18","80","6","15","14","2","16.3 %","21.3 %",".333",".350",".317",".442",".651",".451","178","0.3","8.4","0.6","1.2","18401"
"Daniel Vogelbach","Mariners","15","58","6","11","11","0","19.0 %","25.9 %",".489",".400",".356",".483",".844",".525","251","0.2","10.7","-1.4","1.1","14130"
"Kolten Wong","Cardinals","18","71","4","10","12","4","14.1 %","15.5 %",".298",".326",".316",".437",".614",".434","170","1.4","7.9","1.0","1.1","12532"
"Michael Conforto","Mets","18","83","5","16","11","2","12.0 %","20.5 %",".310",".367",".324",".422",".634",".438","177","0.3","8.5","-0.6","1.1","16376"
"Alex Gordon","Royals","18","80","3","13","16","0","8.8 %","11.3 %",".239",".333",".328",".413",".567",".411","165","0.9","7.1","0.6","1.0","5209"
"Marcus Semien","Athletics","21","91","3","16","10","1","12.1 %","12.1 %",".190",".333",".316",".396",".506",".385","150","-0.6","4.9","2.4","1.0","12533"
"Matt Chapman","Athletics","21","83","6","11","13","0","8.4 %","9.6 %",".297",".250",".284",".361",".581",".395","158","-0.4","5.4","2.0","1.0","16505"
"Peter Alonso","Mets","18","75","6","14","17","0","12.0 %","30.7 %",".385",".417",".323",".413",".708",".460","191","0.5","9.4","-1.6","1.0","19251"
"Javier Baez","Cubs","17","77","6","15","16","2","3.9 %","31.2 %",".311",".409",".324",".351",".635",".410","153","1.0","6.3","1.2","1.0","12979"
"Willson Contreras","Cubs","16","59","6","13","12","0","15.3 %","25.4 %",".447",".346",".319",".458",".766",".496","209","-0.1","8.2","-0.3","1.0","11609"
"Trey Mancini","Orioles","20","89","6","19","12","0","9.0 %","22.5 %",".313",".382",".338",".393",".650",".431","180","0.9","9.4","-3.1","0.9","15149"
"Yasmani Grandal","Brewers","18","67","5","13","10","1","7.5 %","22.4 %",".283",".390",".350",".403",".633",".431","165","0.5","6.2","1.0","0.9","11368"
"Jose Altuve","Astros","18","78","7","12","13","1","7.7 %","19.2 %",".324",".300",".310",".359",".634",".409","169","0.0","6.5","0.1","0.9","5417"
"Fernando Tatis Jr.","Padres","19","76","5","9","12","1","6.6 %","30.3 %",".279",".366",".294",".355",".574",".387","141","0.3","4.3","2.0","0.9","19709"
"Elvis Andrus","Rangers","17","73","3","9","13","4","4.1 %","20.5 %",".214",".462",".386",".411",".600",".427","170","0.3","6.5","-0.3","0.9","8709"
"Carlos Santana","Indians","17","68","1","12","11","0","20.6 %","13.2 %",".148",".455",".389",".515",".537",".437","180","0.2","6.7","-0.5","0.9","2396"
"Jeff McNeil","Mets","17","66","0","8","10","0","6.1 %","9.1 %",".119",".472",".424",".485",".542",".444","181","-0.5","6.4","-0.1","0.8","15362"
"Joc Pederson","Dodgers","20","78","8","16","14","0","11.5 %","17.9 %",".422",".163",".234",".359",".656",".413","159","0.1","6.1","-0.1","0.8","11899"
"Andrew McCutchen","Phillies","18","84","3","16","8","0","19.0 %","26.2 %",".235",".326",".250",".393",".485",".378","133","1.1","4.7","0.8","0.8","9847"
"Christian Walker","Diamondbacks","18","67","6","11","11","2","10.4 %","31.3 %",".383",".364",".300",".373",".683",".430","165","0.7","6.3","-0.4","0.8","13419"
"Freddy Galvis","Blue Jays","20","78","5","10","11","1","3.8 %","21.8 %",".253",".358",".320",".346",".573",".386","149","0.0","4.6","0.7","0.8","6609"
"J.T. Realmuto","Phillies","18","73","3","13","15","0","8.2 %","16.4 %",".185",".294",".277",".342",".462",".343","111","0.1","1.2","4.3","0.8","11739"
"Yoan Moncada","White Sox","18","78","5","15","16","2","5.1 %","24.4 %",".284",".360",".311",".346",".595",".393","155","0.6","5.7","-0.6","0.8","17232"
"Kevin Kiermaier","Rays","18","70","2","13","10","3","7.1 %","22.9 %",".250",".340",".281",".329",".531",".357","131","0.2","2.9","2.5","0.8","11038"
"Aaron Judge","Yankees","18","81","4","11","10","2","16.0 %","32.1 %",".197",".378",".273",".395",".470",".370","136","0.0","3.6","1.4","0.8","15640"
"Lorenzo Cain","Brewers","19","86","2","14","4","3","10.5 %","14.0 %",".147",".339",".307",".384",".453",".362","121","0.4","2.8","2.0","0.8","9077"
"David Peralta","Diamondbacks","19","85","2","11","10","0","5.9 %","16.5 %",".203",".429",".367",".412",".570",".413","154","-1.4","4.5","0.3","0.8","2136"
"Freddie Freeman","Braves","18","83","2","16","9","0","16.9 %","15.7 %",".176",".377",".324",".446",".500",".407","150","0.2","5.6","-0.8","0.7","5361"
"Wil Myers","Padres","19","68","5","9","9","2","7.4 %","29.4 %",".286",".395",".317",".368",".603",".406","153","-0.7","4.1","1.2","0.7","10047"
"Bryce Harper","Phillies","18","82","4","12","10","1","20.7 %","29.3 %",".250",".333",".250",".415",".500",".380","134","-0.6","3.0","1.7","0.7","11579"
"Marcell Ozuna","Cardinals","16","67","8","13","16","2","6.0 %","23.9 %",".435",".263",".290",".343",".726",".436","172","0.5","6.8","-1.6","0.7","10324"
"Edwin Encarnacion","Mariners","18","84","5","14","14","0","14.3 %","15.5 %",".235",".275",".279",".405",".515",".393","159","0.0","6.0","-1.6","0.7","2151"
"Adam Jones","Diamondbacks","19","86","5","11","13","0","8.1 %","14.0 %",".280",".328",".320",".400",".600",".417","156","-0.9","5.4","-0.9","0.7","6368"
"Dansby Swanson","Braves","18","69","4","9","18","1","15.9 %","18.8 %",".291",".275",".273",".391",".564",".391","140","0.7","4.3","0.6","0.7","18314"
"Xander Bogaerts","Red Sox","18","75","2","11","8","0","13.3 %","17.3 %",".188",".340",".297",".387",".484",".372","135","-1.2","1.9","2.6","0.7","12161"
"Domingo Santana","Mariners","22","103","4","12","24","3","9.7 %","26.2 %",".185",".410",".315",".382",".500",".378","148","1.0","6.9","-3.4","0.7","10348"
"Howie Kendrick","Nationals","10","27","3","9","6","0","18.5 %","14.8 %",".571",".467",".476",".556","1.048",".616","284","-0.4","6.0","0.1","0.7","4229"
"Yandy Diaz","Rays","17","76","4","13","8","1","17.1 %","17.1 %",".258",".261",".258",".382",".516",".380","148","0.3","4.6","-0.2","0.7","16578"
"Shin-Soo Choo","Rangers","16","65","1","10","8","1","12.3 %","21.5 %",".255",".450",".345",".446",".600",".440","179","-0.5","5.7","-1.0","0.7","3174"
"Manny Machado","Padres","19","78","4","11","9","1","12.8 %","23.1 %",".209",".289",".254",".359",".463",".355","121","-0.4","1.7","2.7","0.7","11493"
"Tommy Pham","Rays","18","85","3","10","9","6","15.3 %","15.3 %",".129",".309",".286",".400",".414",".360","133","1.5","4.8","-1.1","0.7","2967"
"Jean Segura","Phillies","16","73","1","13","10","1","6.8 %","15.1 %",".149",".382",".328",".384",".478",".370","128","1.5","4.1","0.1","0.7","5933"
"Omar Narvaez","Mariners","17","69","4","15","11","0","7.2 %","23.2 %",".203",".341",".297",".348",".500",".361","137","0.8","3.8","0.3","0.7","13338"
"Scott Kingery","Phillies","13","32","2","5","6","1","3.1 %","15.6 %",".345",".455",".414",".469",".759",".510","218","0.4","5.3","0.2","0.7","17975"
"Tim Beckham","Mariners","20","83","4","14","13","1","12.0 %","24.1 %",".260",".367",".301",".386",".562",".399","163","-0.3","6.0","-2.4","0.6","7949"
"Brandon Lowe","Rays","18","72","5","10","13","2","8.3 %","34.7 %",".292",".361",".277",".333",".569",".374","143","0.5","4.2","-0.2","0.6","18882"
"Enrique Hernandez","Dodgers","19","74","4","12","11","0","12.2 %","18.9 %",".250",".298",".281",".365",".531",".372","133","0.4","3.6","0.3","0.6","10472"
"Max Muncy","Dodgers","20","74","5","8","14","0","12.2 %","27.0 %",".302",".300",".270",".351",".571",".375","135","-0.3","3.0","0.8","0.6","13301"
"Hunter Dozier","Royals","17","71","5","9","10","0","11.3 %","21.1 %",".279",".286",".279",".366",".557",".382","145","-0.3","3.5","0.3","0.6","15117"
"Mitch Haniger","Mariners","21","99","5","21","15","2","4.0 %","28.3 %",".289",".322",".267",".313",".556",".358","134","0.0","4.1","-1.4","0.6","14274"
"Mitch Garver","Twins","9","29","3","8","5","0","6.9 %","17.2 %",".444",".421",".407",".448",".852",".532","249","-0.3","4.9","0.2","0.6","15161"
"Alex Bregman","Astros","16","67","2","7","7","2","13.4 %","14.9 %",".161",".311",".286",".388",".446",".362","136","0.1","3.0","0.8","0.6","17678"
"Jason Heyward","Cubs","15","63","4","14","11","3","15.9 %","9.5 %",".255",".326",".353",".444",".608",".432","168","-0.5","5.0","-1.1","0.6","4940"
"Eddie Rosario","Twins","16","66","6","11","16","0","7.6 %","18.2 %",".344",".233",".262",".318",".607",".382","144","0.4","3.9","-0.3","0.6","12155"
"Mike Moustakas","Brewers","19","76","6","10","10","0","13.2 %","19.7 %",".338",".205",".231",".342",".569",".380","133","-0.2","3.0","0.4","0.6","4892"
"Joey Gallo","Rangers","15","64","6","13","15","0","17.2 %","35.9 %",".377",".250",".226",".359",".604",".399","150","0.1","3.9","-0.3","0.6","14128"
"J.D. Martinez","Red Sox","19","80","4","10","10","0","10.0 %","11.3 %",".239",".362",".352",".425",".592",".423","170","-0.6","6.1","-3.1","0.6","6184"
"Jonathan Villar","Orioles","20","90","3","14","9","3","8.9 %","18.9 %",".159",".306",".268",".333",".427",".328","108","0.7","1.6","1.0","0.6","10071"
"Victor Caratini","Cubs","6","17","1","4","5","0","17.6 %","23.5 %",".429",".778",".571",".647","1.000",".663","316","-0.1","4.7","0.5","0.6","14968"
"Avisail Garcia","Rays","16","66","3","8","8","2","6.1 %","27.3 %",".197",".400",".311",".364",".508",".367","138","0.9","3.9","-0.5","0.6","5760"
"Adalberto Mondesi","Royals","18","82","2","10","13","5","4.9 %","26.8 %",".257",".340",".270",".296",".527",".334","111","0.8","1.8","0.9","0.6","13769"
"Ramon Laureano","Athletics","20","74","3","10","8","1","4.1 %","28.4 %",".143",".304",".243",".284",".386",".289","84","0.9","-0.6","3.6","0.6","17128"
"Carlos Correa","Astros","15","63","2","6","7","1","11.1 %","23.8 %",".200",".342",".273",".365",".473",".361","135","0.1","2.8","0.5","0.5","14162"
"Paul Goldschmidt","Cardinals","18","83","7","14","12","0","14.5 %","30.1 %",".324",".256",".239",".349",".563",".378","135","0.8","4.5","-1.7","0.5","9218"
"Khris Davis","Athletics","20","82","10","12","20","0","4.9 %","20.7 %",".403",".200",".260",".305",".662",".389","153","-0.5","4.7","-2.2","0.5","9112"
"George Springer","Astros","18","82","5","12","14","2","11.0 %","29.3 %",".239",".302",".254",".341",".493",".354","130","0.0","3.0","-0.6","0.5","12856"
"Clint Frazier","Yankees","14","53","4","7","12","0","3.8 %","20.8 %",".265",".361",".347",".358",".612",".398","156","0.1","3.6","-0.2","0.5","15983"
"Dwight Smith Jr.","Orioles","19","82","3","14","11","3","6.1 %","14.6 %",".197",".290",".276",".317",".474",".333","112","0.6","1.7","0.6","0.5","13473"
"Alex Verdugo","Dodgers","20","45","3","5","12","0","2.2 %","15.6 %",".318",".382",".364",".378",".682",".440","177","0.1","4.6","-0.8","0.5","17027"
"Gleyber Torres","Yankees","18","75","4","11","7","0","6.7 %","24.0 %",".232",".292",".261",".307",".493",".335","112","-0.2","0.9","1.8","0.5","16997"
"J.D. Davis","Mets","15","55","3","9","5","0","16.4 %","18.2 %",".239",".303",".283",".400",".522",".394","148","0.6","4.0","-0.6","0.5","16219"
"Whit Merrifield","Royals","19","85","2","14","9","5","4.7 %","11.8 %",".175",".333",".313",".341",".488",".345","119","0.0","2.0","0.3","0.5","11281"
"Jorge Alfaro","Marlins","14","49","3","5","6","0","2.0 %","36.7 %",".196",".480",".326",".367",".522",".380","139","-1.0","1.5","2.1","0.5","12180"
"Daniel Descalso","Cubs","14","49","1","8","9","1","10.2 %","20.4 %",".159",".455",".364",".429",".523",".409","152","0.0","3.3","0.2","0.5","8392"
"Justin Smoak","Blue Jays","16","69","3","10","13","0","18.8 %","17.4 %",".204",".282",".259",".420",".463",".388","150","-0.1","4.0","-1.3","0.5","9054"
"Robinson Chirinos","Astros","14","50","2","6","6","0","14.0 %","26.0 %",".275",".269",".225",".347",".500",".356","132","-0.4","1.5","1.6","0.5","3142"
"Corey Seager","Dodgers","21","82","2","12","6","0","12.2 %","19.5 %",".155",".283",".239",".341",".394",".319","99","0.4","0.2","1.8","0.5","13624"
"Brandon Nimmo","Mets","17","68","3","13","8","0","16.2 %","38.2 %",".222",".400",".241",".388",".463",".366","131","0.1","2.8","-0.3","0.5","12927"
"Ozzie Albies","Braves","18","83","2","11","3","3","8.4 %","15.7 %",".145",".328",".289",".349",".434",".338","106","0.5","1.1","0.8","0.5","16556"
"Gary Sanchez","Yankees","11","45","6","6","11","0","4.4 %","20.0 %",".463",".192",".268",".333",".732",".433","181","0.0","4.3","-1.3","0.5","11442"
"Randal Grichuk","Blue Jays","20","80","4","15","7","0","10.0 %","30.0 %",".254",".302",".239",".325",".493",".347","122","0.0","2.1","-0.2","0.5","10243"
"Rhys Hoskins","Phillies","17","78","5","14","16","0","17.9 %","26.9 %",".306",".278",".242",".397",".548",".401","148","-1.0","3.9","-1.8","0.5","16472"
"Josh Bell","Pirates","16","68","3","11","13","0","10.3 %","17.6 %",".276",".333",".310",".382",".586",".395","145","0.3","4.3","-2.0","0.4","13145"
"Willy Adames","Rays","18","70","1","10","4","0","7.1 %","31.4 %",".109",".366",".250",".314",".359",".296","89","0.9","0.0","2.0","0.4","15986"
"Brian Goodwin","Angels","16","54","2","11","7","0","9.3 %","24.1 %",".191",".394",".319",".389",".511",".376","145","0.0","2.9","-0.4","0.4","12858"
"Tom Murphy","Mariners","5","20","1","2","2","0","15.0 %","35.0 %",".294",".667",".412",".500",".706",".502","235","0.0","3.2","0.4","0.4","13499"
"Hunter Renfroe","Padres","17","55","4","7","7","0","7.3 %","23.6 %",".353",".265",".255",".309",".608",".377","135","-0.5","2.0","0.6","0.4","15464"
"Zack Greinke","Diamondbacks","4","10","2","4","4","0","10.0 %","0.0 %",".778",".286",".444",".500","1.222",".678","324","0.0","2.9","1.1","0.4","1943"
"Tyler Flowers","Braves","10","38","1","3","1","0","5.3 %","31.6 %",".088",".476",".324",".395",".412",".357","118","0.2","1.1","2.0","0.4","9134"
"Dominic Smith","Mets","18","24","0","6","4","0","12.5 %","12.5 %",".100",".529",".450",".542",".550",".475","201","0.8","3.9","-0.4","0.4","15653"
"Juan Soto","Nationals","17","75","3","11","13","1","17.3 %","25.3 %",".230",".333",".262",".400",".492",".385","135","0.1","3.5","-1.7","0.4","20123"
"Cesar Hernandez","Phillies","17","73","2","10","8","2","12.3 %","11.0 %",".159",".278",".270",".356",".429",".334","105","0.5","0.9","0.9","0.4","10556"
"Trea Turner","Nationals","4","15","2","4","4","4","6.7 %","33.3 %",".500",".429",".357",".400",".857",".510","216","1.0","3.3","0.4","0.4","16252"
"Chad Wallach","Marlins","8","26","1","4","1","0","19.2 %","19.2 %",".190",".400",".333",".462",".524",".425","168","0.1","2.4","0.9","0.4","17161"
"Austin Barnes","Dodgers","16","56","2","9","5","1","17.9 %","14.3 %",".159",".229",".227",".375",".386",".332","107","-0.1","0.4","1.8","0.4","12158"
"Andrew Benintendi","Red Sox","16","67","1","6","6","1","10.4 %","19.4 %",".155",".356",".293",".364",".448",".348","118","0.4","1.8","0.0","0.4","17901"
"Russell Martin","Dodgers","6","22","1","7","2","0","22.7 %","13.6 %",".267",".333",".333",".500",".600",".456","187","0.8","3.3","0.0","0.4","4616"
"Alex Avila","Diamondbacks","6","21","2","5","5","0","28.6 %","23.8 %",".467",".375",".333",".524",".800",".521","223","-0.4","2.9","0.4","0.4","7476"
"Leonys Martin","Indians","17","73","3","7","5","1","13.7 %","28.8 %",".210",".342",".258",".370",".468",".362","128","-0.7","1.8","-0.3","0.4","11846"
"Josh Donaldson","Braves","18","76","2","12","3","0","17.1 %","26.3 %",".175",".317",".238",".368",".413",".344","109","0.0","0.9","0.7","0.4","5038"
"Chad Pinder","Athletics","19","60","3","10","8","0","1.7 %","13.3 %",".228",".298",".298",".317",".526",".351","127","0.2","2.1","-0.3","0.4","15191"
"Melky Cabrera","Pirates","16","51","1","5","4","1","3.9 %","9.8 %",".122",".395",".367",".392",".490",".373","131","0.4","2.4","-0.2","0.4","4022"
"Dee Gordon","Mariners","21","82","1","10","11","8","6.1 %","14.6 %",".082",".323",".288",".325",".370",".300","94","1.9","1.4","-0.4","0.4","8203"
"Tommy La Stella","Angels","18","62","4","9","10","0","12.9 %","6.5 %",".245",".178",".226",".328",".472",".342","122","0.2","1.8","-0.2","0.4","12371"
"Niko Goodrum","Tigers","16","63","1","7","6","1","14.3 %","23.8 %",".185",".368",".278",".381",".463",".365","134","-0.2","2.3","-0.8","0.4","12092"
"Josh Phegley","Athletics","14","44","3","10","9","0","2.3 %","20.5 %",".262",".333",".310",".341",".571",".383","149","-0.3","2.3","-0.1","0.4","9308"
"Mark Canha","Athletics","13","40","2","8","3","0","25.0 %","25.0 %",".241",".294",".241",".450",".483",".409","167","0.5","3.7","-1.4","0.4","11445"
"Michael Brantley","Astros","18","74","2","8","12","2","8.1 %","13.5 %",".134",".327",".299",".365",".433",".342","123","-0.8","1.3","-0.3","0.4","4106"
"Adam Frazier","Pirates","16","72","1","10","3","2","11.1 %","16.7 %",".129",".327",".274",".366",".403",".339","109","0.1","1.0","0.2","0.3","15223"
"Brad Miller","Indians","13","40","1","4","4","1","10.0 %","25.0 %",".167",".320",".250",".325",".417",".321","100","0.7","0.7","1.4","0.3","12775"
"Adam Eaton","Nationals","16","78","1","12","6","3","9.0 %","17.9 %",".087",".389",".319",".397",".406",".356","116","0.6","2.3","-1.4","0.3","11205"
"Derek Dietrich","Reds","17","43","4","6","11","0","7.0 %","18.6 %",".395",".115",".184",".279",".579",".352","114","0.6","1.4","0.5","0.3","10542"
"David Freese","Dodgers","15","31","1","5","5","0","19.4 %","19.4 %",".280",".333",".280",".419",".560",".414","160","0.1","2.5","-0.2","0.3","9549"
"Jake Marisnick","Astros","13","30","1","5","2","0","10.0 %","26.7 %",".185",".444",".333",".400",".519",".393","158","-0.9","1.2","1.0","0.3","11339"
"Ryan Cordell","White Sox","6","10","2","2","4","0","0.0 %","30.0 %",".700",".600",".500",".500","1.200",".697","367","0.0","3.2","-0.3","0.3","15181"
"Johan Camargo","Braves","14","39","1","3","10","0","12.8 %","28.2 %",".206",".364",".265",".359",".471",".347","111","0.3","0.9","1.1","0.3","14950"
"Byron Buxton","Twins","15","52","0","7","6","4","5.8 %","23.1 %",".208",".361",".271",".327",".479",".334","111","0.5","1.2","0.2","0.3","14161"
"Brandon Belt","Giants","20","76","4","8","9","1","11.8 %","26.3 %",".277",".268",".231",".342",".508",".360","124","-0.3","2.0","-1.3","0.3","10264"
"Jarrod Dyson","Diamondbacks","15","43","2","7","5","3","14.0 %","20.9 %",".189",".308",".270",".372",".459",".360","120","0.5","1.6","0.2","0.3","4866"
"Ryan McMahon","Rockies","8","33","2","5","6","0","12.1 %","24.2 %",".276",".316",".276",".364",".552",".385","123","0.4","1.4","0.7","0.3","15112"
"Trevor Story","Rockies","19","81","4","12","11","4","7.4 %","24.7 %",".178",".300",".260",".321",".438",".325","84","0.5","-1.2","1.6","0.3","12564"
"Harrison Bader","Cardinals","13","50","2","6","5","0","16.0 %","28.0 %",".179",".217",".179",".347",".359",".312","92","-1.0","-1.5","2.9","0.3","18030"
"Tucker Barnhart","Reds","15","47","1","6","2","0","19.1 %","14.9 %",".132",".300",".263",".404",".395",".350","113","-0.1","0.7","0.7","0.3","10200"
"Eric Sogard","Blue Jays","3","13","0","2","3","1","7.7 %","7.7 %",".167",".545",".500",".538",".667",".513","237","0.2","2.3","0.0","0.3","7927"
"Rio Ruiz","Orioles","19","69","2","6","8","0","14.5 %","23.2 %",".138",".268",".224",".333",".362",".308","94","0.3","-0.2","0.7","0.3","14103"
"Ketel Marte","Diamondbacks","18","79","4","9","14","2","2.5 %","20.3 %",".224",".246",".237",".253",".461",".296","78","0.4","-1.9","2.1","0.3","13613"
"Eugenio Suarez","Reds","18","66","3","5","7","0","13.6 %","24.2 %",".214",".270",".232",".348",".446",".345","109","-1.4","-0.6","1.3","0.3","12552"
"DJ LeMahieu","Yankees","17","68","0","10","8","0","7.4 %","14.7 %",".082",".385",".328",".382",".410",".345","119","-0.2","1.4","-0.9","0.3","9874"
"Manuel Margot","Padres","20","60","2","7","7","1","1.7 %","16.7 %",".186",".319",".288",".300",".475",".327","102","-0.3","-0.1","1.0","0.3","14712"
"Asdrubal Cabrera","Rangers","16","63","6","12","13","0","9.5 %","23.8 %",".357",".194",".232",".302",".589",".364","126","-1.0","0.9","-0.4","0.3","4962"
"Luke Voit","Yankees","18","76","4","9","15","0","13.2 %","25.0 %",".219",".244",".219",".342",".438",".339","115","0.2","1.6","-1.5","0.3","14811"
"David Fletcher","Angels","18","60","1","7","4","2","6.7 %","5.0 %",".125",".269",".268",".317",".393",".301","93","0.3","-0.2","0.8","0.3","17992"
"Ji-Man Choi","Rays","17","72","1","8","6","1","12.5 %","22.2 %",".131",".356",".279",".375",".410",".344","122","-0.4","1.5","-1.4","0.3","5452"
"Guillermo Heredia","Rays","11","17","1","1","5","0","11.8 %","17.6 %",".308",".333",".308",".400",".615",".424","178","0.2","1.8","0.3","0.3","18721"
"Mitch Moreland","Red Sox","18","64","5","8","12","0","9.4 %","23.4 %",".345",".237",".241",".313",".586",".371","134","-0.4","2.2","-1.8","0.3","3086"
"Rafael Devers","Red Sox","19","75","0","10","2","2","10.7 %","17.3 %",".046",".327",".262",".351",".308",".300","84","1.4","0.0","0.1","0.3","17350"
"Tony Wolters","Rockies","13","39","0","2","1","0","2.6 %","10.3 %",".132",".324",".289",".308",".421",".311","75","0.2","-1.1","2.4","0.3","11470"
"Nelson Cruz","Twins","12","46","1","4","8","0","17.4 %","23.9 %",".167",".375",".278",".435",".444",".383","145","-0.4","2.0","-1.1","0.3","2434"
"Jay Bruce","Mariners","19","77","8","13","15","0","9.1 %","32.5 %",".382",".111",".176",".260",".559",".334","118","0.3","1.9","-2.1","0.2","9892"
"Nicholas Castellanos","Tigers","15","68","0","8","4","1","8.8 %","29.4 %",".148",".405",".279",".338",".426",".327","107","0.7","1.3","-1.3","0.2","11737"
"Tim Locastro","Diamondbacks","9","16","0","4","0","2","12.5 %","31.3 %",".000",".667",".364",".563",".364",".440","171","0.4","1.9","-0.1","0.2","15124"
"Richard Urena","Blue Jays","8","27","0","1","0","0","3.7 %","25.9 %",".125",".471",".333",".360",".458",".351","125","0.2","1.0","0.4","0.2","16411"
"Leury Garcia","White Sox","16","75","1","12","7","4","5.3 %","28.0 %",".113",".367",".268",".307",".380",".298","89","0.1","-0.9","0.6","0.2","5913"
"Hernan Perez","Brewers","12","29","2","6","4","1","6.9 %","34.5 %",".259",".400",".296",".345",".556",".378","132","0.0","1.2","0.2","0.2","5751"
"David Bote","Cubs","16","40","1","6","8","0","10.0 %","22.5 %",".200",".360",".286",".375",".486",".370","127","0.3","1.7","-0.8","0.2","14593"
"Gordon Beckham","Tigers","9","28","2","5","3","1","7.1 %","39.3 %",".320",".333",".240",".321",".560",".368","136","-0.1","1.1","0.1","0.2","9015"
"Pedro Severino","Orioles","7","27","1","2","4","0","7.4 %","22.2 %",".167",".235",".208",".296",".375",".295","85","0.1","-0.4","1.7","0.2","14523"
"JB Shuck","Pirates","14","36","0","3","1","0","19.4 %","13.9 %",".074",".318",".259",".429",".333",".353","119","0.0","0.9","0.2","0.2","6677"
"Buster Posey","Giants","17","63","0","3","1","0","11.1 %","19.0 %",".089",".250",".196",".286",".286",".258","58","-1.0","-4.4","4.5","0.2","9166"
"Amed Rosario","Mets","18","77","1","7","12","2","6.5 %","28.6 %",".111",".367",".264",".312",".375",".293","84","-0.2","-1.9","1.5","0.2","15518"
"Martin Prado","Marlins","13","36","0","3","2","0","5.6 %","5.6 %",".088",".406",".382",".417",".471",".385","142","-0.6","1.3","-0.4","0.2","3312"
"Maikel Franco","Phillies","18","72","6","10","18","0","15.3 %","8.3 %",".333",".163",".233",".347",".567",".345","112","-0.3","0.8","-1.1","0.2","12179"
"Josh Reddick","Astros","14","54","1","4","2","1","5.6 %","11.1 %",".078",".341",".314",".352",".392",".325","111","-0.3","0.4","-0.2","0.2","3892"
"Giancarlo Stanton","Yankees","3","15","0","1","0","0","46.7 %","26.7 %",".000",".500",".250",".600",".250",".439","185","0.0","1.5","0.0","0.2","4949"
"Luke Maile","Blue Jays","8","25","1","3","2","0","8.0 %","32.0 %",".174",".286",".217",".280",".391",".289","82","0.4","-0.2","1.3","0.2","13355"
"Joey Votto","Reds","18","69","2","9","4","0","10.1 %","26.1 %",".197",".293",".230",".319",".426",".322","95","0.6","0.1","-0.3","0.2","4314"
"Nick Markakis","Braves","18","72","2","13","13","0","11.1 %","15.3 %",".159",".353",".317",".389",".476",".371","127","-0.9","1.6","-1.9","0.2","5930"
"Nomar Mazara","Rangers","15","61","2","8","12","0","8.2 %","16.4 %",".189",".244",".226",".328",".415",".324","98","-0.4","-0.6","0.4","0.2","14553"
"Yuli Gurriel","Astros","17","71","1","7","7","0","7.0 %","11.3 %",".185",".333",".308",".352",".492",".356","132","-1.1","1.7","-2.2","0.2","19198"
"Jonathan Schoop","Twins","15","56","2","8","7","0","5.4 %","23.2 %",".157",".278",".235",".304",".392",".303","89","0.3","-0.5","0.4","0.2","11265"
"Delino DeShields","Rangers","16","57","1","7","7","6","17.5 %","17.5 %",".089",".235",".200",".357",".289",".303","84","0.9","-0.3","0.2","0.2","11379"
"Franchy Cordero","Padres","9","20","0","2","1","1","20.0 %","35.0 %",".067",".556",".333",".450",".400",".375","133","0.8","1.7","-0.4","0.2","14567"
"Jordy Mercer","Tigers","13","47","0","2","2","0","6.4 %","23.4 %",".093",".313",".233",".298",".326",".276","72","-0.1","-1.7","1.9","0.2","6547"
"Victor Robles","Nationals","17","65","3","12","7","2","6.2 %","30.8 %",".271",".361",".271",".328",".542",".364","122","0.2","2.0","-2.3","0.2","18363"
"Christian Vazquez","Red Sox","14","47","3","7","8","1","4.3 %","19.1 %",".267",".182",".200",".234",".467",".282","72","-0.1","-1.7","1.9","0.2","9774"
"Brian Anderson","Marlins","18","78","2","3","3","2","11.5 %","28.2 %",".116",".289",".217",".308",".333",".286","78","0.4","-1.8","1.1","0.2","18289"
"Matt Carpenter","Cardinals","18","80","3","10","5","0","12.5 %","23.8 %",".217",".229",".203",".300",".420",".308","89","0.4","-0.7","-0.1","0.2","8090"
"Ryan O'Hearn","Royals","18","66","3","8","6","0","18.2 %","19.7 %",".189",".189",".189",".348",".377",".320","101","0.3","0.4","-0.9","0.2","16442"
"Jason Martin","Pirates","10","23","0","3","2","2","8.7 %","21.7 %",".095",".438",".333",".391",".429",".358","122","0.5","1.1","-0.2","0.2","16429"
"David Dahl","Rockies","11","43","2","5","6","0","9.3 %","30.2 %",".289",".458",".342",".395",".632",".422","146","-0.3","2.2","-1.9","0.2","13744"
"Nick Ahmed","Diamondbacks","19","76","1","13","10","2","3.9 %","25.0 %",".141",".358",".282",".303",".423",".300","81","0.7","-1.2","0.4","0.2","12147"
"Stephen Piscotty","Athletics","20","88","3","7","11","0","10.2 %","21.6 %",".177",".263",".228",".307",".405",".308","97","-0.2","-0.5","-0.8","0.2","13367"
"Jorge Soler","Royals","19","78","5","8","14","0","7.7 %","37.2 %",".278",".316",".236",".295",".514",".338","114","0.2","1.5","-2.6","0.2","14221"
"Jose Rondon","White Sox","9","28","1","3","3","0","7.1 %","28.6 %",".192",".412",".308",".357",".500",".365","136","-0.1","1.1","-0.4","0.2","14140"
"Justin Turner","Dodgers","19","80","0","8","8","0","11.3 %","20.0 %",".030",".358",".284",".375",".313",".313","95","-0.6","-1.2","0.2","0.2","5235"
"Nolan Arenado","Rockies","19","84","3","12","12","1","8.3 %","8.3 %",".171",".254",".263",".321",".434",".318","79","-0.3","-2.5","1.3","0.1","9777"
"John Ryan Murphy","Diamondbacks","9","21","2","4","2","0","14.3 %","38.1 %",".333",".125",".167",".286",".500",".330","100","0.0","0.0","0.8","0.1","10346"
"Yonder Alonso","White Sox","18","72","3","9","9","0","16.7 %","15.3 %",".183",".196",".200",".333",".383",".317","103","0.1","0.3","-1.3","0.1","2530"
"Wilson Ramos","Mets","17","61","1","9","12","0","9.8 %","9.8 %",".075",".340",".321",".393",".396",".342","115","-0.9","0.3","-0.9","0.1","1433"
"Ben Gamel","Brewers","16","40","0","5","2","0","12.5 %","27.5 %",".088",".348",".235",".350",".324",".297","79","0.2","-0.9","1.0","0.1","12160"
"Andrelton Simmons","Angels","18","76","1","7","10","2","1.3 %","10.5 %",".107",".273",".253",".263",".360",".266","69","0.3","-2.6","1.2","0.1","10847"
"Jeimer Candelario","Tigers","17","71","0","5","4","1","9.9 %","23.9 %",".048",".304",".222",".310",".270",".260","61","0.3","-3.1","1.9","0.1","13621"
"Odubel Herrera","Phillies","17","69","1","7","7","0","7.2 %","17.4 %",".111",".314",".270",".319",".381",".303","85","0.2","-1.2","0.3","0.1","11476"
"Giovanny Urshela","Yankees","11","28","0","4","2","0","10.7 %","21.4 %",".125",".333",".250",".357",".375",".326","106","0.0","0.2","0.1","0.1","10681"
"Michael Perez","Rays","8","23","0","4","1","0","13.0 %","39.1 %",".150",".455",".250",".348",".400",".327","111","-0.6","-0.3","0.8","0.1","12977"
"Corey Dickerson","Pirates","4","16","1","1","2","0","18.8 %","18.8 %",".308",".111",".154",".313",".462",".331","104","-0.1","0.0","0.7","0.1","10762"
"Mike Zunino","Rays","14","53","0","4","7","0","3.8 %","24.5 %",".137",".263",".196",".226",".333",".238","49","-0.3","-3.6","3.0","0.1","13265"
"Evan Longoria","Giants","19","76","2","7","6","1","2.6 %","21.1 %",".151",".255",".219",".250",".370",".264","62","0.1","-3.6","2.4","0.1","9368"
"Logan Forsythe","Rangers","11","45","0","8","3","0","13.3 %","17.8 %",".081",".310",".243",".364",".324",".314","91","0.4","-0.1","-0.3","0.1","7185"
"Kenta Maeda","Dodgers","4","11","0","2","0","0","0.0 %","27.3 %",".222",".333",".222",".222",".444",".274","70","0.0","-0.4","1.2","0.1","18498"
"Robbie Grossman","Athletics","14","58","1","7","5","2","8.6 %","20.7 %",".094",".300",".245",".310",".340",".287","83","0.0","-1.2","0.3","0.1","5254"
"Willians Astudillo","Twins","10","38","1","8","4","0","2.6 %","2.6 %",".171",".265",".286",".316",".457",".325","105","-0.8","-0.6","0.4","0.1","15608"
"Kris Bryant","Cubs","16","74","1","11","6","1","9.5 %","24.3 %",".125",".289",".219",".324",".344",".300","82","0.9","-0.8","-0.5","0.1","15429"
"James McCann","White Sox","8","32","1","4","1","1","9.4 %","18.8 %",".172",".318",".276",".344",".448",".341","119","-0.1","0.6","-0.7","0.1","12859"
"Eloy Jimenez","White Sox","18","75","3","6","8","0","6.7 %","29.3 %",".159",".341",".261",".320",".420",".320","104","0.2","0.6","-2.2","0.1","17484"
"Ryon Healy","Mariners","22","90","5","15","17","0","6.7 %","20.0 %",".293",".230",".232",".278",".524",".329","114","-1.3","0.2","-2.3","0.1","15447"
"Danny Santana","Rangers","4","14","0","3","3","2","0.0 %","14.3 %",".214",".333",".286",".286",".500",".325","98","0.4","0.4","0.0","0.1","10322"
"Max Kepler","Twins","15","69","3","8","8","0","10.1 %","20.3 %",".194",".267",".242",".319",".435",".325","104","-0.9","-0.5","-1.0","0.1","12144"
"Kevin Plawecki","Indians","8","22","1","2","1","0","9.1 %","13.6 %",".200",".188",".200",".273",".400",".289","77","0.1","-0.5","0.6","0.1","13807"
"Tyler O'Neill","Cardinals","14","29","1","4","4","0","3.4 %","37.9 %",".179",".438",".286",".310",".464",".329","103","-0.1","0.0","-0.1","0.1","15711"
"Blake Swihart","Red Sox","12","29","1","4","4","0","6.9 %","24.1 %",".154",".278",".231",".310",".385",".304","87","0.2","-0.2","0.0","0.1","13176"
"Kurt Suzuki","Nationals","8","29","2","3","8","0","6.9 %","13.8 %",".240",".200",".240",".310",".480",".331","100","-0.4","-0.4","0.2","0.1","8259"
"Hunter Pence","Rangers","10","31","1","6","3","1","6.5 %","16.1 %",".103",".304",".276",".323",".379",".307","86","0.4","-0.1","-0.2","0.1","8252"
"Carson Kelly","Diamondbacks","12","36","0","3","6","0","2.8 %","25.0 %",".147",".320",".235",".278",".382",".284","70","-0.1","-1.5","1.1","0.1","13620"
"Franmil Reyes","Padres","20","61","4","5","8","0","11.5 %","19.7 %",".269",".184",".212",".295",".481",".322","99","-0.4","-0.5","-0.8","0.1","14566"
"Matt Joyce","Braves","12","13","1","1","2","0","15.4 %","46.2 %",".364",".250",".182",".308",".545",".354","116","0.0","0.3","0.0","0.1","3353"
"Tyler Austin","- - -","7","20","0","3","1","0","15.0 %","40.0 %",".059",".556",".294",".400",".353",".341","113","0.1","0.4","-0.4","0.1","11850"
"John Hicks","Tigers","10","38","1","2","3","1","5.3 %","28.9 %",".167",".250",".194",".237",".361",".255","58","0.3","-1.6","0.9","0.1","12547"
"Tony Kemp","Astros","11","33","1","5","2","1","12.1 %","18.2 %",".107",".190",".179",".303",".286",".272","74","0.2","-0.9","0.3","0.1","14894"
"Colin Moran","Pirates","15","35","2","3","9","0","14.3 %","22.9 %",".267",".350",".300",".400",".567",".400","148","-0.1","2.1","-2.6","0.1","16909"
"Teoscar Hernandez","Blue Jays","19","73","2","8","12","1","11.0 %","21.9 %",".156",".298",".250",".329",".406",".312","98","0.3","0.1","-2.0","0.1","13066"
"Michael A. Taylor","Nationals","4","11","0","2","0","0","27.3 %","36.4 %",".000",".500",".250",".455",".250",".348","111","0.0","0.2","0.0","0.1","11489"
"Welington Castillo","White Sox","12","45","2","2","6","0","17.8 %","20.0 %",".200",".167",".171",".356",".371",".329","111","-0.5","0.1","-1.1","0.1","3256"
"Kole Calhoun","Angels","18","76","4","10","9","0","10.5 %","25.0 %",".221",".200",".191",".276",".412",".295","89","-0.2","-1.2","-0.9","0.1","11200"
"Jason Kipnis","Indians","3","12","0","1","1","1","8.3 %","8.3 %",".091",".300",".273",".333",".364",".306","89","0.2","0.0","0.0","0.1","9776"
"Miguel Rojas","Marlins","17","55","0","5","6","0","7.3 %","3.6 %",".082",".292",".286",".345",".367",".312","95","0.0","-0.4","-0.9","0.0","7802"
"Christin Stewart","Tigers","16","64","3","6","13","0","10.9 %","25.0 %",".296",".243",".222",".313",".519",".336","114","-0.3","0.8","-2.5","0.0","17714"
"Troy Tulowitzki","Yankees","5","13","1","1","1","0","15.4 %","30.8 %",".364",".167",".182",".308",".545",".354","126","-0.3","0.1","-0.1","0.0","3531"
"Martin Maldonado","Royals","15","57","0","5","0","0","7.0 %","15.8 %",".060",".220",".180",".268",".240",".235","42","0.0","-4.0","2.4","0.0","6887"
"Jake Lamb","Diamondbacks","5","18","0","1","2","0","16.7 %","33.3 %",".067",".444",".267",".389",".333",".308","86","0.0","-0.3","0.1","0.0","13329"
"Curt Casali","Reds","12","24","0","3","1","0","4.2 %","33.3 %",".174",".467",".304",".333",".478",".344","109","0.0","0.3","-0.7","0.0","12510"
"Mike Tauchman","Yankees","11","25","1","3","4","0","12.0 %","36.0 %",".273",".250",".182",".280",".455",".311","95","0.1","0.0","-0.5","0.0","15274"
"Brian McCann","Braves","6","23","0","0","6","0","21.7 %","8.7 %",".059",".313",".294",".435",".353",".341","107","0.0","0.2","-0.7","0.0","4810"
"Albert Pujols","Angels","18","68","2","7","9","0","14.7 %","11.8 %",".145",".234",".236",".353",".382",".323","108","-1.0","-0.3","-1.7","0.0","1177"
"Yan Gomes","Nationals","11","44","1","3","6","0","6.8 %","31.8 %",".125",".320",".225",".295",".350",".284","71","-0.6","-2.3","1.2","0.0","9627"
"Jordan Luplow","Indians","7","17","0","2","0","0","11.8 %","47.1 %",".000",".429",".200",".294",".200",".236","40","0.2","-1.0","0.7","0.0","16424"
"Kyle Farmer","Reds","11","18","2","2","5","0","0.0 %","27.8 %",".353",".000",".118",".167",".471",".261","56","0.1","-0.9","0.6","0.0","14813"
"Chris Owings","Royals","18","68","1","6","7","3","8.8 %","30.9 %",".129",".275",".194",".265",".323",".258","58","0.6","-2.9","0.7","0.0","10030"
"C.J. Cron","Twins","15","51","2","5","7","0","5.9 %","21.6 %",".167",".257",".229",".275",".396",".287","78","0.3","-1.1","-0.5","0.0","12546"
"Wilmer Difo","Nationals","15","55","2","7","5","0","10.9 %","23.6 %",".146",".273",".229",".315",".375",".296","78","0.0","-1.6","0.0","0.0","14320"
"Juan Lagares","Mets","16","36","1","4","5","2","8.3 %","33.3 %",".125",".316",".219",".306",".344",".289","81","0.6","-0.3","-0.8","0.0","5384"
"Noah Syndergaard","Mets","4","10","0","2","0","0","20.0 %","50.0 %",".000",".000",".000",".222",".000",".154","-6","0.0","-1.4","1.1","0.0","11762"
"Erik Kratz","Giants","8","26","0","0","2","0","7.7 %","7.7 %",".091",".150",".136",".269",".227",".237","45","-0.3","-2.2","1.4","0.0","4403"
"Orlando Arcia","Brewers","19","66","3","9","7","0","7.6 %","22.7 %",".164",".256",".230",".288",".393",".288","73","-0.1","-2.4","0.3","0.0","13185"
"Tyler White","Astros","11","35","0","1","0","0","17.1 %","28.6 %",".034",".368",".241",".371",".276",".304","96","-0.2","-0.4","-0.8","0.0","15564"
"Renato Nunez","Orioles","19","75","2","10","12","0","5.3 %","24.0 %",".129",".340",".271",".320",".400",".307","94","-0.1","-0.7","-1.9","0.0","14503"
"Greg Garcia","Padres","11","17","0","2","0","0","11.8 %","17.6 %",".133",".250",".200",".294",".333",".278","71","0.4","-0.2","-0.3","0.0","10951"
"Brock Holt","Red Sox","6","19","0","0","1","0","10.5 %","36.8 %",".000",".111",".063",".211",".063",".157","-15","0.2","-2.4","1.8","0.0","9345"
"Max Scherzer","Nationals","4","11","0","1","1","0","0.0 %","54.5 %",".000",".400",".182",".182",".182",".159","-10","0.0","-1.6","1.2","0.0","3137"
"Jose Iglesias","Reds","16","44","1","2","2","0","9.1 %","20.5 %",".150",".300",".250",".318",".400",".294","76","-1.2","-2.5","1.0","0.0","10231"
"Austin Hedges","Padres","13","47","2","2","6","0","4.3 %","27.7 %",".163",".214",".186",".255",".349",".255","56","-0.2","-2.9","1.3","0.0","12976"
"Justin Bour","Angels","14","59","1","4","5","0","15.3 %","27.1 %",".122",".250",".184",".322",".306",".288","84","-0.2","-1.3","-0.8","0.0","9744"
"Mark Reynolds","Rockies","17","45","2","4","5","1","15.6 %","33.3 %",".200",".250",".200",".333",".400",".317","79","0.2","-1.1","-0.5","0.0","7619"
"Ronald Guzman","Rangers","9","28","2","4","4","0","7.1 %","35.7 %",".385",".286",".231",".286",".615",".368","129","-2.1","-1.2","0.1","0.0","14388"
"Rowdy Tellez","Blue Jays","17","53","3","6","7","0","7.5 %","35.8 %",".191",".240",".191",".283",".383",".291","83","0.1","-1.0","-1.0","0.0","15679"
"Matt Wieters","Cardinals","5","11","0","0","5","1","0.0 %","36.4 %",".000",".500",".333",".364",".333",".304","87","-0.2","-0.4","-0.1","0.0","4298"
"Grayson Greiner","Tigers","13","53","0","4","3","0","3.8 %","22.6 %",".040",".289",".220",".264",".260",".235","43","0.0","-3.6","1.6","0.0","17062"
"Mookie Betts","Red Sox","19","82","3","13","7","1","12.2 %","18.3 %",".171",".208",".200",".305",".371",".292","78","-0.9","-3.1","0.0","0.0","13611"
"Nick Williams","Phillies","15","16","0","1","3","0","6.3 %","37.5 %",".071",".375",".214",".313",".286",".275","67","0.0","-0.7","0.0","0.0","14330"
"Jonathan Lucroy","Angels","17","58","0","6","6","0","5.2 %","10.3 %",".018",".327",".291",".328",".309",".284","81","-0.2","-1.6","-0.7","0.0","7870"
"Eduardo Escobar","Diamondbacks","19","78","1","7","8","0","7.7 %","24.4 %",".100",".300",".229",".308",".329",".284","70","-1.2","-4.2","1.5","0.0","6153"
"JaCoby Jones","Tigers","6","23","0","2","0","1","0.0 %","13.0 %",".000",".235",".200",".304",".200",".246","51","0.2","-1.2","0.1","0.0","14818"
"Jason Castro","Twins","8","21","0","2","1","0","14.3 %","19.0 %",".000",".214",".167",".286",".167",".224","34","0.1","-1.6","0.6","0.0","8722"
"Jesus Sucre","Orioles","15","50","0","3","3","0","6.0 %","16.0 %",".043",".256",".213",".260",".255",".231","40","0.1","-3.5","1.5","0.0","5942"
"Lucas Duda","Royals","14","43","2","3","8","0","18.6 %","23.3 %",".206",".174",".176",".326",".382",".302","89","0.0","-0.6","-1.2","0.0","2502"
"Starling Marte","Pirates","15","70","2","8","9","3","2.9 %","18.6 %",".185",".240",".215",".261",".400",".282","72","0.4","-2.1","-0.5","0.0","9241"
"Gerardo Parra","Giants","20","64","1","7","6","1","7.8 %","20.3 %",".107",".279",".232",".313",".339",".276","70","0.0","-2.6","0.1","0.0","8553"
"Matt Adams","Nationals","14","25","2","2","8","0","0.0 %","40.0 %",".333",".231",".208",".200",".542",".293","76","-0.2","-1.0","-0.3","0.0","9393"
"Kevan Smith","Angels","6","21","0","2","1","0","9.5 %","14.3 %",".059",".143",".118",".286",".176",".235","47","-0.1","-1.4","0.3","0.0","12284"
"Jedd Gyorko","Cardinals","7","10","0","2","1","0","20.0 %","40.0 %",".000",".250",".125",".300",".125",".226","37","0.0","-0.8","0.0","0.0","10816"
"Albert Almora Jr.","Cubs","17","53","0","4","4","2","9.4 %","17.0 %",".000",".263",".213",".288",".213",".217","29","0.9","-4.0","1.8","0.0","14109"
"Marwin Gonzalez","Twins","14","49","1","3","4","0","10.2 %","24.5 %",".091",".258",".205",".286",".295",".261","60","-0.5","-2.9","0.7","-0.1","5497"
"Yadier Molina","Cardinals","16","69","1","5","9","0","4.3 %","8.7 %",".121",".237",".227",".261",".348",".263","60","0.8","-2.8","0.1","-0.1","7007"
"Jacob Stallings","Pirates","4","11","0","1","0","0","0.0 %","27.3 %",".000",".375",".273",".273",".273",".239","45","0.0","-0.8","-0.1","-0.1","13723"
"Austin Dean","Marlins","6","23","1","3","6","0","0.0 %","39.1 %",".227",".308",".227",".217",".455",".270","68","0.0","-1.0","-0.3","-0.1","18288"
"Hanser Alberto","Orioles","14","43","0","1","3","0","2.3 %","11.6 %",".024",".324",".286",".302",".310",".269","67","0.4","-1.3","-0.7","-0.1","11902"
"Mark Zagunis","Cubs","10","20","0","1","4","0","0.0 %","35.0 %",".150",".538",".350",".350",".500",".360","121","-0.2","0.4","-1.6","-0.1","16565"
"Greg Bird","Yankees","10","41","1","6","1","0","14.6 %","39.0 %",".086",".278",".171",".293",".257",".256","57","0.2","-1.9","-0.1","-0.1","14131"
"Tyler Naquin","Indians","15","48","1","4","4","1","2.1 %","31.3 %",".128",".355",".255",".271",".383",".279","70","0.2","-1.5","-0.7","-0.1","13359"
"Brandon Crawford","Giants","20","75","0","4","2","0","6.7 %","26.7 %",".029",".286",".203",".267",".232",".222","35","0.7","-5.6","2.6","-0.1","5343"
"Manny Pina","Brewers","8","17","0","1","1","0","17.6 %","29.4 %",".000",".222",".143",".294",".143",".225","33","0.1","-1.4","0.2","-0.1","2829"
"Neil Walker","Marlins","19","59","3","5","3","1","6.8 %","25.4 %",".185",".250",".222",".288",".407",".300","87","-0.3","-1.3","-1.2","-0.1","7539"
"Billy McKinney","Blue Jays","16","64","1","7","3","0","7.8 %","23.4 %",".121",".262",".207",".281",".328",".269","68","-0.3","-2.8","0.0","-0.1","15654"
"Joey Rickard","Orioles","20","58","1","4","4","1","10.3 %","27.6 %",".173",".286",".212",".293",".385",".293","84","-0.7","-1.8","-0.9","-0.1","13277"
"Billy Hamilton","Royals","16","57","0","9","1","4","10.5 %","19.3 %",".000",".300",".240",".316",".240",".257","58","0.8","-2.1","-0.5","-0.1","10199"
"Steven Duggar","Giants","19","86","3","8","10","1","3.5 %","31.4 %",".175",".308",".238",".267",".413",".286","76","-0.8","-3.4","0.0","-0.1","17719"
"Chris Taylor","Dodgers","20","54","1","2","4","1","11.1 %","25.9 %",".106",".219",".170",".278",".277",".254","57","0.4","-2.7","0.2","-0.1","13757"
"Jon Gray","Rockies","5","10","0","0","0","0","0.0 %","60.0 %",".000",".333",".111",".111",".111",".097","-63","0.0","-2.1","1.1","-0.1","14916"
"Tyler Wade","Yankees","8","21","0","2","1","1","9.5 %","38.1 %",".000",".300",".167",".250",".167",".200","18","0.2","-1.9","0.4","-0.1","15730"
"Jake Cave","Twins","9","21","0","1","2","0","19.0 %","14.3 %",".059",".357",".294",".429",".353",".357","127","-1.3","-0.6","-0.9","-0.1","14477"
"Kendrys Morales","Athletics","15","53","1","4","3","0","9.4 %","15.1 %",".067",".216",".200",".302",".267",".262","65","0.4","-1.8","-0.8","-0.1","8610"
"Aledmys Diaz","Astros","9","24","2","4","5","0","4.2 %","20.8 %",".261",".188",".217",".250",".478",".304","96","0.1","0.0","-1.6","-0.1","15937"
"Pablo Sandoval","Giants","19","27","0","4","3","0","0.0 %","25.9 %",".222",".350",".259",".259",".481",".307","90","-0.4","-0.8","-0.9","-0.1","5409"
"Jake Bauers","Indians","16","60","2","8","6","1","11.7 %","16.7 %",".151",".244",".226",".317",".377",".305","88","0.0","-0.9","-2.0","-0.1","15194"
"Ender Inciarte","Braves","17","66","1","5","2","2","9.1 %","21.2 %",".119",".250",".203",".288",".322",".271","62","0.3","-3.0","0.0","-0.1","4922"
"Raimel Tapia","Rockies","18","44","0","1","3","0","6.8 %","31.8 %",".171",".407",".268",".318",".439",".321","81","-0.8","-1.8","-0.4","-0.1","14350"
"Jesse Winker","Reds","18","60","5","8","9","0","6.7 %","20.0 %",".273",".132",".182",".250",".455",".297","79","-0.2","-1.9","-0.9","-0.1","13590"
"Roberto Perez","Indians","12","43","1","2","4","0","11.6 %","34.9 %",".135",".227",".162",".256",".297",".245","47","-0.2","-3.0","0.6","-0.1","2900"
"A.J. Pollock","Dodgers","21","86","2","11","14","0","5.8 %","15.1 %",".141",".277",".256",".302",".397",".299","86","-0.3","-1.9","-1.8","-0.1","9256"
"Chris Iannetta","Rockies","10","33","1","2","2","0","9.1 %","42.4 %",".172",".357",".207",".303",".379",".299","67","-0.8","-2.2","0.2","-0.1","8267"
"Hanley Ramirez","Indians","16","57","2","4","8","0","14.0 %","29.8 %",".143",".233",".184",".298",".327",".281","71","0.7","-1.3","-1.6","-0.1","8001"
"Ben Zobrist","Cubs","15","58","0","5","5","0","15.5 %","12.1 %",".000",".310",".271",".379",".271",".304","85","-0.6","-1.8","-1.1","-0.1","7435"
"Joe Panik","Giants","17","61","0","3","3","0","9.8 %","6.6 %",".038",".220",".208",".295",".245",".249","53","-0.4","-4.2","1.1","-0.1","11936"
"Luis Guillorme","Mets","8","10","0","2","0","0","10.0 %","40.0 %",".000",".200",".111",".200",".111",".157","-4","-0.1","-1.5","0.0","-0.1","16451"
"Kevin Newman","Pirates","6","12","0","0","2","0","8.3 %","25.0 %",".091",".375",".273",".333",".364",".306","88","0.3","0.1","-1.7","-0.1","17696"
"Carlos Gonzalez","Indians","3","14","0","3","0","0","0.0 %","35.7 %",".000",".333",".214",".214",".214",".188","7","0.0","-1.6","-0.1","-0.1","7287"
"Jake Arrieta","Phillies","4","10","0","0","0","0","0.0 %","50.0 %",".000",".000",".000",".000",".000",".000","-100","0.0","-2.7","1.1","-0.1","4153"
"Miguel Cabrera","Tigers","18","78","0","6","5","0","10.3 %","24.4 %",".044",".360",".265",".346",".309",".296","86","-0.3","-1.7","-2.4","-0.1","1744"
"Brett Gardner","Yankees","18","77","4","12","8","2","10.4 %","11.7 %",".221",".164",".191",".286",".412",".301","88","-0.7","-1.8","-2.2","-0.1","9927"
"Jung Ho Kang","Pirates","15","50","2","2","6","0","8.0 %","38.0 %",".174",".160",".130",".200",".304",".219","32","-0.5","-4.9","2.0","-0.1","17182"
"Ehire Adrianza","Twins","8","22","0","3","1","0","0.0 %","13.6 %",".000",".118",".105",".182",".105",".145","-21","0.2","-3.0","0.9","-0.1","8418"
"Adam Engel","White Sox","14","28","1","3","1","0","7.1 %","35.7 %",".200",".143",".120",".185",".320",".216","32","-0.6","-2.9","0.6","-0.1","15082"
"Isiah Kiner-Falefa","Rangers","9","36","0","5","5","0","13.9 %","19.4 %",".034",".364",".276",".400",".310",".330","102","0.2","0.3","-2.9","-0.1","16512"
"Dexter Fowler","Cardinals","17","61","0","7","1","1","11.5 %","27.9 %",".057",".389",".264",".361",".321",".310","91","-0.9","-1.6","-1.7","-0.1","4062"
"Jose Martinez","Cardinals","18","38","0","4","5","0","0.0 %","26.3 %",".053",".357",".263",".263",".316",".249","52","0.1","-2.3","-0.4","-0.1","7996"
"Keon Broxton","Mets","16","34","0","4","2","4","11.8 %","41.2 %",".000",".375",".200",".294",".200",".236","47","0.5","-1.9","-0.7","-0.1","9253"
"Danny Jansen","Blue Jays","15","55","0","3","1","0","7.3 %","29.1 %",".020",".235",".160",".236",".180",".197","18","0.2","-5.3","1.8","-0.2","16535"
"Daniel Murphy","Rockies","2","10","0","1","0","0","0.0 %","0.0 %",".000",".100",".100",".100",".100",".088","-69","0.1","-2.1","0.2","-0.2","4316"
"Connor Joe","Giants","8","16","0","1","0","0","6.3 %","31.3 %",".000",".100",".067",".125",".067",".098","-45","0.0","-3.0","0.9","-0.2","16572"
"Erik Gonzalez","Pirates","15","56","0","2","2","2","10.7 %","21.4 %",".083",".278",".208",".296",".292",".240","46","0.1","-3.9","0.4","-0.2","13369"
"Kevin Pillar","- - -","20","74","4","10","14","3","1.4 %","17.6 %",".203",".145",".174",".189",".377",".231","39","0.6","-5.0","0.9","-0.2","12434"
"Anthony Rizzo","Cubs","17","77","3","13","10","0","15.6 %","19.5 %",".159",".156",".159",".312",".317",".288","75","0.9","-1.6","-2.5","-0.2","3473"
"Yonathan Daza","Rockies","3","12","0","0","0","0","8.3 %","33.3 %",".000",".000",".000",".083",".000",".058","-88","0.1","-2.8","0.7","-0.2","15794"
"Luis Urias","Padres","9","27","0","2","0","0","14.8 %","33.3 %",".045",".154",".091",".259",".136",".207","25","-0.2","-2.8","0.2","-0.2","16622"
"Jose Abreu","White Sox","18","79","3","9","10","2","10.1 %","27.8 %",".174",".200",".174",".266",".348",".268","68","0.2","-2.8","-1.6","-0.2","15676"
"Max Stassi","Astros","6","19","0","0","0","0","5.3 %","42.1 %",".000",".100",".056",".105",".056",".082","-58","-0.1","-3.7","1.3","-0.2","10059"
"Eric Thames","Brewers","18","34","2","3","7","0","2.9 %","47.1 %",".194",".357",".226",".265",".419",".287","73","0.2","-1.0","-1.9","-0.2","3711"
"Ryan Zimmerman","Nationals","16","62","1","4","9","0","14.5 %","16.1 %",".096",".214",".192",".306",".288",".271","62","-0.3","-3.4","-0.5","-0.2","4220"
"Lewis Brinson","Marlins","19","66","0","3","4","0","3.0 %","31.8 %",".065",".293",".194",".242",".258",".224","38","-0.6","-5.9","1.9","-0.2","14352"
"Travis d'Arnaud","Mets","5","16","0","2","2","0","12.5 %","6.3 %",".000",".077",".071",".188",".071",".141","-14","0.1","-2.3","-0.2","-0.2","7739"
"Patrick Wisdom","Rangers","5","16","0","1","0","0","0.0 %","56.3 %",".000",".333",".133",".133",".133",".117","-46","-0.1","-2.9","0.4","-0.2","13602"
"Andrew Knapp","Phillies","9","17","0","0","0","0","11.8 %","41.2 %",".067",".250",".133",".235",".200",".205","22","0.0","-1.7","-0.9","-0.2","14942"
"Starlin Castro","Marlins","19","79","2","7","4","0","6.3 %","19.0 %",".095",".246",".216",".266",".311",".254","58","-0.9","-5.3","0.7","-0.2","4579"
"Austin Romine","Yankees","8","28","1","3","3","0","3.6 %","25.0 %",".115",".222",".192",".222",".308",".229","38","0.1","-2.0","-1.1","-0.2","5491"
"Ildemaro Vargas","Diamondbacks","12","25","1","3","4","0","0.0 %","12.0 %",".200",".190",".200",".200",".400",".248","48","-0.1","-1.8","-1.1","-0.2","13324"
"Lourdes Gurriel Jr.","Blue Jays","13","44","0","2","7","1","6.8 %","27.3 %",".100",".250",".175",".250",".275",".235","44","-0.8","-3.8","0.1","-0.2","19238"
"Rougned Odor","Rangers","12","47","0","5","2","1","8.5 %","31.9 %",".048",".259",".167",".255",".214",".220","26","-0.9","-5.1","1.1","-0.2","12282"
"Wilmer Flores","Diamondbacks","16","55","0","6","1","0","5.5 %","10.9 %",".078",".267",".235",".291",".314",".268","60","-0.2","-3.1","-1.1","-0.2","5827"
"Mallex Smith","Mariners","18","84","1","12","5","6","9.5 %","28.6 %",".108",".300",".216",".298",".324",".275","77","1.9","-0.4","-4.9","-0.2","13608"
"Kyle Schwarber","Cubs","15","61","3","7","6","0","8.2 %","31.1 %",".179",".235",".196",".262",".375",".275","67","-0.5","-3.2","-1.2","-0.2","16478"
"Alex Jackson","Braves","3","11","0","0","0","0","9.1 %","27.3 %",".000",".000",".000",".091",".000",".000","-100","0.0","-3.0","0.3","-0.2","17276"
"Dylan Moore","Mariners","14","29","1","3","2","1","6.9 %","44.8 %",".120",".273",".160",".276",".280",".257","64","-0.4","-1.7","-1.8","-0.3","18042"
"Francisco Cervelli","Pirates","16","61","1","8","1","0","6.6 %","24.6 %",".054",".200",".161",".230",".214",".205","23","0.4","-5.7","1.2","-0.3","5275"
"Cam Gallagher","Royals","5","14","0","0","1","0","0.0 %","0.0 %",".000",".143",".143",".143",".143",".125","-34","-0.6","-2.9","-0.2","-0.3","12981"
"Alen Hanson","Blue Jays","10","31","0","2","3","0","3.2 %","35.5 %",".000",".278",".179",".226",".179",".170","-1","0.0","-3.8","0.0","-0.3","12926"
"Jurickson Profar","Athletics","20","81","2","8","10","3","4.9 %","14.8 %",".147",".210",".200",".247",".347",".254","60","0.2","-3.7","-1.8","-0.3","10815"
"Miguel Andujar","Yankees","3","14","0","1","1","0","0.0 %","14.3 %",".000",".250",".231",".214",".231",".188","10","-0.4","-1.9","-1.4","-0.3","15878"
"Dustin Peterson","Tigers","12","32","0","2","3","1","0.0 %","37.5 %",".065",".263",".161",".188",".226",".182","6","0.0","-3.6","-0.4","-0.3","15189"
"J.T. Riddle","Marlins","15","32","2","3","3","0","0.0 %","34.4 %",".188",".158",".156",".156",".344",".206","27","0.1","-2.9","-1.0","-0.3","17642"
"Francisco Mejia","Padres","9","29","0","1","1","0","3.4 %","24.1 %",".071",".190",".143",".172",".214",".169","1","0.0","-3.7","-0.1","-0.3","16403"
"Travis Shaw","Brewers","18","74","1","4","5","0","10.8 %","31.1 %",".078",".300",".203",".311",".281",".261","56","-0.1","-4.3","-1.1","-0.3","11982"
"Robinson Cano","Mets","17","79","2","6","8","0","6.3 %","22.8 %",".137",".226",".192",".253",".329",".254","59","0.0","-4.3","-1.4","-0.3","3269"
"Aaron Altherr","Phillies","14","18","0","1","1","0","0.0 %","22.2 %",".056",".071",".056",".056",".111",".069","-66","0.0","-3.9","0.1","-0.3","11270"
"Jeff Mathis","Rangers","8","28","1","3","1","0","3.6 %","39.3 %",".111",".133",".111",".143",".222",".158","-17","-0.7","-4.7","0.4","-0.3","3448"
"Brian Dozier","Nationals","15","55","1","5","1","1","5.5 %","25.5 %",".078",".222",".176",".236",".255",".221","30","-0.2","-5.3","0.2","-0.3","9810"
"Curtis Granderson","Marlins","16","56","2","4","4","0","14.3 %","32.1 %",".149",".179",".149",".268",".298",".254","58","-0.8","-3.9","-1.3","-0.3","4747"
"Frank Schwindel","Royals","6","15","0","0","0","0","0.0 %","13.3 %",".000",".077",".067",".067",".067",".058","-81","0.0","-3.3","-0.7","-0.3","15351"
"Daniel Robertson","Rays","16","52","0","4","2","1","9.6 %","28.8 %",".000",".219",".149",".231",".149",".184","11","-0.1","-5.7","0.4","-0.4","14145"
"Yangervis Solarte","Giants","18","47","0","5","3","0","6.4 %","21.3 %",".093",".242",".186",".239",".279",".218","33","-0.1","-4.2","-0.8","-0.4","5352"
"Jose Ramirez","Indians","18","75","1","8","3","5","5.3 %","14.7 %",".087",".155",".145",".200",".232",".192","10","1.2","-6.9","0.8","-0.4","13510"
"Josh Fuentes","Rockies","9","18","0","2","0","0","0.0 %","44.4 %",".000",".200",".111",".111",".111",".097","-63","-0.1","-3.9","-0.2","-0.4","16885"
"Pat Valaika","Rockies","11","27","0","3","0","0","11.1 %","40.7 %",".042",".154",".083",".185",".125",".155","-26","0.3","-4.1","-0.4","-0.4","14885"
"Pablo Reyes","Pirates","14","25","0","1","1","0","8.0 %","40.0 %",".000",".154",".087",".160",".087",".125","-28","0.1","-4.1","-0.4","-0.4","16357"
"Peter O'Brien","Marlins","9","30","1","1","2","0","10.0 %","46.7 %",".111",".167",".111",".200",".222",".194","19","-0.1","-3.3","-1.4","-0.4","13288"
"Peter Bourjos","Angels","15","34","0","3","2","1","2.9 %","32.4 %",".031",".136",".094",".118",".125",".108","-41","0.0","-5.8","0.8","-0.4","2578"
"Zack Cozart","Angels","18","52","0","2","2","0","3.8 %","15.4 %",".020",".122",".102",".154",".122",".132","-25","0.2","-7.6","1.9","-0.4","2616"
"Nick Hundley","Athletics","11","30","0","0","1","0","0.0 %","26.7 %",".000",".143",".103",".133",".103",".112","-40","-1.3","-6.3","1.4","-0.4","3376"
"Max Moroff","Indians","16","27","0","1","2","0","0.0 %","48.1 %",".038",".154",".077",".077",".115",".081","-67","0.1","-5.3","0.4","-0.4","14556"
"Richie Martin Jr.","Orioles","18","52","0","5","1","1","9.6 %","34.6 %",".065",".250",".152",".250",".217",".218","32","-1.6","-5.9","0.1","-0.4","17736"
"Dustin Pedroia","Red Sox","6","21","0","1","1","0","4.8 %","9.5 %",".000",".111",".100",".143",".100",".116","-44","-0.4","-4.0","-0.8","-0.4","8370"
"Brandon Drury","Blue Jays","17","68","0","3","0","0","5.9 %","39.7 %",".063",".243",".141",".191",".203",".177","4","0.4","-7.5","1.1","-0.4","11615"
"Scott Schebler","Reds","17","55","2","5","5","0","10.9 %","27.3 %",".143",".188",".163",".255",".306",".250","48","-0.1","-3.8","-2.1","-0.4","12225"
"Steve Pearce","Red Sox","7","25","0","1","1","0","0.0 %","44.0 %",".000",".231",".125",".160",".125",".134","-31","-0.6","-4.6","-0.5","-0.4","9957"
"Jose Peraza","Reds","17","54","1","5","1","1","0.0 %","25.9 %",".075",".184",".151",".167",".226",".170","-3","0.4","-6.9","0.9","-0.4","13593"
"Ryan Braun","Brewers","17","69","3","6","12","0","4.3 %","26.1 %",".185",".205",".185",".221",".369",".250","49","0.5","-4.1","-2.3","-0.4","3410"
"Chris Davis","Orioles","16","52","1","3","8","0","11.5 %","38.5 %",".109",".160",".109",".212",".217",".190","12","0.3","-5.2","-0.8","-0.4","9272"
"Yolmer Sanchez","White Sox","15","53","0","5","2","0","7.5 %","28.3 %",".041",".265",".184",".245",".224",".214","31","-0.3","-4.7","-1.5","-0.4","11602"
"Yasiel Puig","Reds","16","58","2","4","8","2","3.4 %","25.9 %",".161",".205",".179",".207",".339",".232","37","-0.3","-5.1","-1.2","-0.4","14225"
"Jackie Bradley Jr.","Red Sox","16","58","0","3","2","2","5.2 %","29.3 %",".037",".211",".148",".190",".185",".169","-7","1.0","-6.5","-0.1","-0.5","12984"
"Eric Hosmer","Padres","19","78","1","7","8","0","9.0 %","21.8 %",".085",".245",".197",".269",".282",".242","48","0.1","-5.2","-1.9","-0.5","3516"
"Ian Kinsler","Padres","18","62","1","5","1","1","11.3 %","19.4 %",".091",".167",".145",".242",".236",".221","34","-1.4","-6.8","0.1","-0.5","6195"
"Rosell Herrera","Marlins","19","45","0","2","2","3","4.4 %","20.0 %",".048",".182",".143",".200",".190",".179","10","0.2","-5.1","-1.2","-0.5","11611"
"Greg Allen","Indians","15","32","0","1","4","0","6.3 %","28.1 %",".036",".050",".036",".125",".071",".104","-51","0.3","-5.5","-0.4","-0.5","16623"
"Mikie Mahtook","Tigers","9","25","0","0","0","0","8.0 %","44.0 %",".000",".000",".000",".080",".000",".055","-82","0.0","-5.5","-0.5","-0.5","13130"
"Matt Kemp","Reds","17","52","1","3","5","0","0.0 %","26.9 %",".078",".270",".216",".212",".294",".214","25","-0.1","-5.2","-2.0","-0.5","5631"
"Socrates Brito","Blue Jays","8","23","0","2","0","0","8.7 %","43.5 %",".000",".000",".000",".087",".000",".060","-78","0.0","-4.9","-1.7","-0.6","12944"
"Josh Harrison","Tigers","16","74","0","4","2","2","6.8 %","17.6 %",".030",".148",".121",".203",".152",".171","-1","-0.8","-9.8","1.5","-0.6","8202"
"Eduardo Nunez","Red Sox","17","46","0","3","5","3","2.2 %","17.4 %",".023",".194",".159",".178",".182",".160","-14","-0.4","-6.7","-0.7","-0.6","6848"
"Cedric Mullins II","Orioles","19","66","0","7","4","0","6.1 %","21.2 %",".071",".116",".089",".188",".161",".167","-4","0.2","-8.1","-0.1","-0.6","17929"
"Garrett Hampson","Rockies","18","63","1","7","3","1","3.2 %","25.4 %",".102",".233",".186",".210",".288",".212","11","-0.1","-7.4","-0.6","-0.6","19262"
"Eric Stamets","Indians","15","48","0","4","2","0","10.4 %","50.0 %",".024",".111",".049",".149",".073",".118","-42","-0.2","-8.4","0.4","-0.6","13795"
"Jesus Aguilar","Brewers","17","69","0","5","5","0","11.6 %","21.7 %",".034",".205",".155",".254",".190",".211","24","-0.6","-7.5","-1.2","-0.6","11342"
"Ian Desmond","Rockies","17","65","1","1","8","0","4.6 %","29.2 %",".113",".214",".161",".200",".274",".206","7","-0.4","-8.3","-0.9","-0.7","6885"
"Daniel Palka","White Sox","13","42","0","0","2","0","14.3 %","35.7 %",".000",".050",".029",".190",".029",".137","-23","-0.2","-6.4","-2.1","-0.7","14897"
"Charlie Blackmon","Rockies","18","84","0","6","6","1","6.0 %","19.0 %",".078",".274",".221",".274",".299",".252","37","-1.4","-8.3","-2.4","-0.8","7859"
