"Name","Team","PA","BB%","K%","BB/K","AVG","OBP","SLG","OPS","ISO","Spd","BABIP","UBR","wGDP","wSB","wRC","wRAA","wOBA","wRC+","playerid"
"Ryan Cordell","White Sox","10","0.0 %","30.0 %","0.00",".500",".500","1.200","1.700",".700","0.1",".600","0.0","0.0","0.0","4","3.2",".697","367","15181"
"Zack Greinke","Diamondbacks","10","10.0 %","0.0 %","1.00",".444",".500","1.222","1.722",".778","2.6",".286","","","0.0","4","3.0",".678","324","1943"
"Victor Caratini","Cubs","17","17.6 %","23.5 %","0.75",".571",".647","1.000","1.647",".429","1.4",".778","-0.2","0.1","0.0","7","4.9",".663","316","14968"
"Howie Kendrick","Nationals","27","18.5 %","14.8 %","1.25",".476",".556","1.048","1.603",".571","2.6",".467","0.0","-0.4","0.0","10","6.8",".616","284","4229"
"Cody Bellinger","Dodgers","86","12.8 %","11.6 %","1.10",".432",".512",".919","1.431",".486","6.4",".407","-0.1","-0.1","-0.3","29","18.5",".574","263","15998"
"Mitch Garver","Twins","29","6.9 %","17.2 %","0.40",".407",".448",".852","1.300",".444","2.6",".421","-0.4","0.1","0.0","9","5.2",".532","249","15161"
"Daniel Vogelbach","Mariners","58","19.0 %","25.9 %","0.73",".356",".483",".844","1.327",".489","1.0",".400","0.0","0.2","0.0","17","10.1",".525","251","14130"
"Alex Avila","Diamondbacks","21","28.6 %","23.8 %","1.20",".333",".524",".800","1.324",".467","1.6",".375","-0.4","0.0","0.0","6","3.6",".521","223","7476"
"Eric Sogard","Blue Jays","13","7.7 %","7.7 %","1.00",".500",".538",".667","1.205",".167","5.3",".545","","","0.2","4","2.1",".513","237","7927"
"Trea Turner","Nationals","15","6.7 %","33.3 %","0.20",".357",".400",".857","1.257",".500","7.5",".429","0.0","0.2","0.8","4","2.4",".510","216","16252"
"Scott Kingery","Phillies","32","3.1 %","15.6 %","0.20",".414",".469",".759","1.227",".345","4.7",".455","0.2","0.0","0.2","9","5.2",".510","218","17975"
"Mike Trout","Angels","68","25.0 %","7.4 %","3.40",".348",".544",".717","1.262",".370","3.4",".297","0.3","0.0","0.2","19","10.6",".503","233","10155"
"Tom Murphy","Mariners","20","15.0 %","35.0 %","0.43",".412",".500",".706","1.206",".294","0.2",".667","0.0","0.0","0.0","6","3.1",".502","235","13499"
"Anthony Rendon","Nationals","76","10.5 %","17.1 %","0.62",".379",".447",".788","1.235",".409","2.6",".396","0.9","0.0","0.0","21","11.5",".498","208","12861"
"Willson Contreras","Cubs","59","15.3 %","25.4 %","0.60",".319",".458",".766","1.224",".447","2.7",".346","0.2","0.1","-0.4","16","8.8",".496","209","11609"
"Christian Yelich","Brewers","91","13.2 %","15.4 %","0.86",".351",".440",".792","1.232",".442","4.8",".315","0.1","0.3","0.6","24","13.2",".490","204","11477"
"Jorge Polanco","Twins","69","10.1 %","15.9 %","0.64",".400",".464",".717","1.180",".317","4.4",".447","0.5","0.2","-0.5","18","9.6",".484","215","13152"
"Dominic Smith","Mets","24","12.5 %","12.5 %","1.00",".450",".542",".550","1.092",".100","2.6",".529","0.7","0.1","0.0","6","3.2",".475","201","15653"
"Tim Anderson","White Sox","66","1.5 %","18.2 %","0.08",".422",".439",".656","1.096",".234","6.5",".479","0.1","-0.2","1.4","16","8.1",".464","204","15172"
"Austin Meadows","Rays","74","10.8 %","18.9 %","0.57",".364",".432",".697","1.129",".333","4.0",".391","0.0","0.1","0.6","18","9.0",".462","205","15672"
"Peter Alonso","Mets","75","12.0 %","30.7 %","0.39",".323",".413",".708","1.121",".385","1.6",".417","0.6","-0.1","0.0","18","9.0",".460","191","19251"
"Russell Martin","Dodgers","22","22.7 %","13.6 %","1.67",".333",".500",".600","1.100",".267","2.6",".333","0.7","0.1","0.0","5","2.6",".456","187","4616"
"Ronald Acuna Jr.","Braves","80","16.3 %","21.3 %","0.76",".317",".442",".651","1.092",".333","7.1",".350","0.3","-0.4","0.4","19","8.9",".451","178","18401"
"Jeff McNeil","Mets","66","6.1 %","9.1 %","0.67",".424",".485",".542","1.027",".119","4.2",".472","0.1","0.3","-0.9","15","7.0",".444","181","15362"
"Tim Locastro","Diamondbacks","16","12.5 %","31.3 %","0.40",".364",".563",".364",".926",".000","7.1",".667","0.0","0.0","0.4","4","1.7",".440","171","15124"
"Alex Verdugo","Dodgers","45","2.2 %","15.6 %","0.14",".364",".378",".682","1.060",".318","2.9",".382","0.1","0.0","0.0","10","4.6",".440","177","17027"
"Shin-Soo Choo","Rangers","65","12.3 %","21.5 %","0.57",".345",".446",".600","1.046",".255","5.7",".450","-0.3","0.1","-0.3","15","6.7",".440","179","3174"
"Giancarlo Stanton","Yankees","15","46.7 %","26.7 %","1.75",".250",".600",".250",".850",".000","0.2",".500","-0.1","0.1","0.0","3","1.5",".439","185","4949"
"Michael Conforto","Mets","83","12.0 %","20.5 %","0.59",".324",".422",".634","1.055",".310","5.0",".367","-0.2","0.1","0.4","18","8.4",".438","177","16376"
"Carlos Santana","Indians","68","20.6 %","13.2 %","1.56",".389",".515",".537","1.052",".148","1.5",".455","0.4","-0.2","0.0","15","6.8",".437","180","2396"
"Marcell Ozuna","Cardinals","67","6.0 %","23.9 %","0.25",".290",".343",".726","1.069",".435","5.3",".263","0.3","-0.2","0.4","15","6.7",".436","172","10324"
"Paul DeJong","Cardinals","81","7.4 %","19.8 %","0.38",".342",".407",".630","1.038",".288","6.8",".396","0.8","0.3","0.2","18","7.9",".434","170","18015"
"Kolten Wong","Cardinals","71","14.1 %","15.5 %","0.91",".316",".437",".614","1.051",".298","7.5",".326","0.4","0.2","0.8","16","6.9",".434","170","12532"
"Gary Sanchez","Yankees","45","4.4 %","20.0 %","0.22",".268",".333",".732","1.065",".463","0.1",".192","-0.2","0.2","0.0","10","4.4",".433","181","11442"
"Jason Heyward","Cubs","63","15.9 %","9.5 %","1.67",".353",".444",".608","1.052",".255","5.7",".326","0.2","-1.3","0.6","14","6.1",".432","168","4940"
"Trey Mancini","Orioles","89","9.0 %","22.5 %","0.40",".338",".393",".650","1.043",".313","2.3",".382","0.6","0.3","0.0","19","8.5",".431","180","15149"
"Yasmani Grandal","Brewers","67","7.5 %","22.4 %","0.33",".350",".403",".633","1.036",".283","4.3",".390","0.3","0.0","0.2","14","6.4",".431","165","11368"
"Christian Walker","Diamondbacks","67","10.4 %","31.3 %","0.33",".300",".373",".683","1.056",".383","4.6",".364","0.2","0.1","0.4","14","6.3",".430","165","13419"
"Elvis Andrus","Rangers","73","4.1 %","20.5 %","0.20",".386",".411",".600","1.011",".214","6.4",".462","0.2","-0.2","0.3","16","6.7",".427","170","8709"
"Chad Wallach","Marlins","26","19.2 %","19.2 %","1.00",".333",".462",".524",".985",".190","1.2",".400","0.0","0.1","0.0","6","2.4",".425","168","17161"
"Guillermo Heredia","Rays","17","11.8 %","17.6 %","0.67",".308",".400",".615","1.015",".308","0.1",".333","0.1","0.1","0.0","4","1.5",".424","178","18721"
"J.D. Martinez","Red Sox","80","10.0 %","11.3 %","0.89",".352",".425",".592","1.017",".239","0.8",".362","-0.8","0.2","0.0","17","7.1",".423","170","6184"
"David Dahl","Rockies","43","9.3 %","30.2 %","0.31",".342",".395",".632","1.027",".289","4.2",".458","0.2","-0.1","-0.4","9","3.8",".422","146","13744"
"Adam Jones","Diamondbacks","86","8.1 %","14.0 %","0.58",".320",".400",".600","1.000",".280","1.6",".328","-0.2","-0.2","-0.5","18","7.2",".417","156","6368"
"David Freese","Dodgers","31","19.4 %","19.4 %","1.00",".280",".419",".560",".979",".280","1.6",".333","0.0","0.1","0.0","6","2.5",".414","160","9549"
"David Peralta","Diamondbacks","85","5.9 %","16.5 %","0.36",".367",".412",".570",".981",".203","1.3",".429","-0.9","-0.5","0.0","17","6.8",".413","154","2136"
"Joc Pederson","Dodgers","78","11.5 %","17.9 %","0.64",".234",".359",".656","1.015",".422","5.1",".163","-0.1","0.2","0.0","16","6.2",".413","159","11899"
"Alex Gordon","Royals","80","8.8 %","11.3 %","0.78",".328",".413",".567",".980",".239","1.9",".333","1.2","-0.3","0.0","16","6.3",".411","165","5209"
"Javier Baez","Cubs","77","3.9 %","31.2 %","0.13",".324",".351",".635",".986",".311","5.4",".409","0.7","-0.1","0.4","15","6.0",".410","153","12979"
"Jose Altuve","Astros","78","7.7 %","19.2 %","0.40",".310",".359",".634",".993",".324","2.4",".300","0.7","-0.4","-0.3","15","6.0",".409","169","5417"
"Mark Canha","Athletics","40","25.0 %","25.0 %","1.00",".241",".450",".483",".933",".241","2.0",".294","0.3","0.2","0.0","8","3.1",".409","167","11445"
"Daniel Descalso","Cubs","49","10.2 %","20.4 %","0.50",".364",".429",".523",".951",".159","3.2",".455","0.1","0.1","-0.2","10","3.7",".409","152","8392"
"Freddie Freeman","Braves","83","16.9 %","15.7 %","1.08",".324",".446",".500",".946",".176","2.6",".377","0.6","0.1","-0.5","16","6.2",".407","150","5361"
"Wil Myers","Padres","68","7.4 %","29.4 %","0.25",".317",".368",".603",".971",".286","2.8",".395","0.1","-0.3","-0.5","13","5.1",".406","153","10047"
"Rhys Hoskins","Phillies","78","17.9 %","26.9 %","0.67",".242",".397",".548",".946",".306","2.5",".278","-0.7","0.2","-0.5","15","5.5",".401","148","16472"
"Colin Moran","Pirates","35","14.3 %","22.9 %","0.63",".300",".400",".567",".967",".267","0.1",".350","0.0","-0.1","0.0","7","2.4",".400","148","16909"
"Tim Beckham","Mariners","83","12.0 %","24.1 %","0.50",".301",".386",".562",".947",".260","3.0",".367","0.2","0.2","-0.7","16","5.7",".399","163","7949"
"Joey Gallo","Rangers","64","17.2 %","35.9 %","0.48",".226",".359",".604",".963",".377","2.1",".250","0.2","-0.1","0.0","12","4.4",".399","150","14128"
"Clint Frazier","Yankees","53","3.8 %","20.8 %","0.18",".347",".358",".612",".971",".265","0.8",".361","0.0","0.1","0.0","10","3.6",".398","156","15983"
"Matt Chapman","Athletics","83","8.4 %","9.6 %","0.88",".284",".361",".581",".943",".297","1.6",".250","-0.1","0.2","-0.5","15","5.4",".395","158","16505"
"Josh Bell","Pirates","68","10.3 %","17.6 %","0.58",".310",".382",".586",".969",".276","5.0",".333","0.6","0.1","-0.4","13","4.4",".395","145","13145"
"J.D. Davis","Mets","55","16.4 %","18.2 %","0.90",".283",".400",".522",".922",".239","1.5",".303","0.4","0.2","0.0","10","3.5",".394","148","16219"
"Edwin Encarnacion","Mariners","84","14.3 %","15.5 %","0.92",".279",".405",".515",".919",".235","2.3",".275","0.3","0.2","-0.5","16","5.3",".393","159","2151"
"Jake Marisnick","Astros","30","10.0 %","26.7 %","0.38",".333",".400",".519",".919",".185","3.3",".444","0.0","0.0","-0.9","6","1.9",".393","158","11339"
"Yoan Moncada","White Sox","78","5.1 %","24.4 %","0.21",".311",".346",".595",".941",".284","4.8",".360","0.3","0.3","0.0","14","4.9",".393","155","17232"
"Dansby Swanson","Braves","69","15.9 %","18.8 %","0.85",".273",".391",".564",".955",".291","4.9",".275","0.6","0.4","-0.3","13","4.3",".391","140","18314"
"Khris Davis","Athletics","82","4.9 %","20.7 %","0.24",".260",".305",".662",".967",".403","0.4",".200","-0.2","-0.3","0.0","15","4.9",".389","153","9112"
"Justin Smoak","Blue Jays","69","18.8 %","17.4 %","1.08",".259",".420",".463",".883",".204","1.3",".282","-0.1","0.0","0.0","12","4.1",".388","150","9054"
"Fernando Tatis Jr.","Padres","76","6.6 %","30.3 %","0.22",".294",".355",".574",".929",".279","2.3",".366","0.1","0.4","-0.2","14","4.5",".387","141","19709"
"Freddy Galvis","Blue Jays","78","3.8 %","21.8 %","0.18",".320",".346",".573",".919",".253","2.4",".358","0.0","0.2","-0.2","14","4.5",".386","149","6609"
"Ryan McMahon","Rockies","33","12.1 %","24.2 %","0.50",".276",".364",".552",".915",".276","1.4",".316","0.3","0.1","0.0","6","1.9",".385","123","15112"
"Juan Soto","Nationals","75","17.3 %","25.3 %","0.68",".262",".400",".492",".892",".230","3.7",".333","-0.3","0.2","0.2","13","4.2",".385","135","20123"
"Martin Prado","Marlins","36","5.6 %","5.6 %","1.00",".382",".417",".471",".887",".088","0.8",".406","-0.8","0.2","0.0","6","2.0",".385","142","3312"
"Marcus Semien","Athletics","91","12.1 %","12.1 %","1.00",".316",".396",".506",".902",".190","3.2",".333","-0.6","0.3","-0.3","16","5.1",".385","150","12533"
"Josh Phegley","Athletics","44","2.3 %","20.5 %","0.11",".310",".341",".571",".912",".262","2.6",".333","-0.4","0.1","0.0","8","2.4",".383","149","9308"
"Nelson Cruz","Twins","46","17.4 %","23.9 %","0.73",".278",".435",".444",".879",".167","0.6",".375","-0.2","-0.2","0.0","8","2.5",".383","145","2434"
"Eddie Rosario","Twins","66","7.6 %","18.2 %","0.42",".262",".318",".607",".925",".344","1.6",".233","0.4","0.0","0.0","12","3.6",".382","144","12155"
"Hunter Dozier","Royals","71","11.3 %","21.1 %","0.53",".279",".366",".557",".924",".279","1.5",".286","0.0","0.1","-0.4","12","3.9",".382","145","15117"
"Yandy Diaz","Rays","76","17.1 %","17.1 %","1.00",".258",".382",".516",".898",".258","4.1",".261","-0.1","0.2","0.2","13","4.0",".380","148","16578"
"Mike Moustakas","Brewers","76","13.2 %","19.7 %","0.67",".231",".342",".569",".911",".338","0.8",".205","0.1","-0.3","0.0","13","4.0",".380","133","4892"
"Jorge Alfaro","Marlins","49","2.0 %","36.7 %","0.06",".326",".367",".522",".889",".196","1.7",".480","0.0","-0.1","-0.9","9","2.6",".380","139","12180"
"Bryce Harper","Phillies","82","20.7 %","29.3 %","0.71",".250",".415",".500",".915",".250","3.4",".333","-1.0","0.2","0.2","14","4.3",".380","134","11579"
"Hernan Perez","Brewers","29","6.9 %","34.5 %","0.20",".296",".345",".556",".900",".259","4.9",".400","0.2","0.0","-0.2","5","1.5",".378","132","5751"
"Paul Goldschmidt","Cardinals","83","14.5 %","30.1 %","0.48",".239",".349",".563",".913",".324","1.5",".256","0.4","0.4","0.0","14","4.2",".378","135","9218"
"Andrew McCutchen","Phillies","84","19.0 %","26.2 %","0.73",".250",".393",".485",".878",".235","4.7",".326","1.0","0.1","0.0","14","4.3",".378","133","9847"
"Domingo Santana","Mariners","103","9.7 %","26.2 %","0.37",".315",".382",".500",".882",".185","4.1",".410","0.1","0.3","0.6","18","5.3",".378","148","10348"
"Hunter Renfroe","Padres","55","7.3 %","23.6 %","0.31",".255",".309",".608",".917",".353","3.5",".265","-0.7","0.2","0.0","9","2.7",".377","135","15464"
"Brian Goodwin","Angels","54","9.3 %","24.1 %","0.38",".319",".389",".511",".900",".191","2.6",".394","0.0","0.0","0.0","9","2.7",".376","145","12858"
"Max Muncy","Dodgers","74","12.2 %","27.0 %","0.45",".270",".351",".571",".923",".302","2.9",".300","-0.4","0.1","0.0","13","3.6",".375","135","13301"
"Franchy Cordero","Padres","20","20.0 %","35.0 %","0.57",".333",".450",".400",".850",".067","4.5",".556","0.5","0.1","0.2","3","1.0",".375","133","14567"
"Brandon Lowe","Rays","72","8.3 %","34.7 %","0.24",".277",".333",".569",".903",".292","4.5",".361","0.1","0.0","0.4","12","3.4",".374","143","18882"
"Melky Cabrera","Pirates","51","3.9 %","9.8 %","0.40",".367",".392",".490",".882",".122","3.5",".395","0.1","0.1","0.2","9","2.4",".373","131","4022"
"Xander Bogaerts","Red Sox","75","13.3 %","17.3 %","0.77",".297",".387",".484",".871",".188","1.6",".340","-1.3","0.1","0.0","13","3.5",".372","135","12161"
"Enrique Hernandez","Dodgers","74","12.2 %","18.9 %","0.64",".281",".365",".531",".896",".250","1.7",".298","0.2","0.2","0.0","12","3.4",".372","133","10472"
"Mitch Moreland","Red Sox","64","9.4 %","23.4 %","0.40",".241",".313",".586",".899",".345","0.8",".237","-0.1","-0.3","0.0","11","2.9",".371","134","3086"
"Nick Markakis","Braves","72","11.1 %","15.3 %","0.73",".317",".389",".476",".865",".159","2.2",".353","-0.6","-0.3","0.0","12","3.2",".371","127","5930"
"Jean Segura","Phillies","73","6.8 %","15.1 %","0.45",".328",".384",".478",".861",".149","6.7",".382","1.0","0.3","0.2","12","3.3",".370","128","5933"
"Aaron Judge","Yankees","81","16.0 %","32.1 %","0.50",".273",".395",".470",".865",".197","3.3",".378","0.2","-0.1","-0.1","13","3.6",".370","136","15640"
"David Bote","Cubs","40","10.0 %","22.5 %","0.44",".286",".375",".486",".861",".200","1.9",".360","0.2","0.1","0.0","7","1.8",".370","127","14593"
"Gordon Beckham","Tigers","28","7.1 %","39.3 %","0.18",".240",".321",".560",".881",".320","6.6",".333","0.1","-0.4","0.2","5","1.2",".368","136","9015"
"Ronald Guzman","Rangers","28","7.1 %","35.7 %","0.20",".231",".286",".615",".901",".385","4.0",".286","-1.1","-0.6","-0.4","5","1.2",".368","129","14388"
"Avisail Garcia","Rays","66","6.1 %","27.3 %","0.22",".311",".364",".508",".872",".197","4.4",".400","0.3","0.2","0.4","11","2.8",".367","138","5760"
"Brandon Nimmo","Mets","68","16.2 %","38.2 %","0.42",".241",".388",".463",".851",".222","2.5",".400","0.0","0.1","0.0","11","2.8",".366","131","12927"
"Jose Rondon","White Sox","28","7.1 %","28.6 %","0.25",".308",".357",".500",".857",".192","0.9",".412","0.1","-0.2","0.0","5","1.1",".365","136","14140"
"Niko Goodrum","Tigers","63","14.3 %","23.8 %","0.60",".278",".381",".463",".844",".185","2.7",".368","-0.3","0.3","-0.2","10","2.5",".365","134","12092"
"Victor Robles","Nationals","65","6.2 %","30.8 %","0.20",".271",".328",".542",".870",".271","8.0",".361","0.1","0.1","0.0","10","2.6",".364","122","18363"
"Asdrubal Cabrera","Rangers","63","9.5 %","23.8 %","0.40",".232",".302",".589",".891",".357","2.4",".194","-0.6","-0.4","0.0","10","2.5",".364","126","4962"
"Alex Bregman","Astros","67","13.4 %","14.9 %","0.90",".286",".388",".446",".834",".161","4.1",".311","-0.4","0.1","0.4","11","2.5",".362","136","17678"
"Leonys Martin","Indians","73","13.7 %","28.8 %","0.48",".258",".370",".468",".838",".210","1.9",".342","0.1","-0.1","-0.7","12","2.7",".362","128","11846"
"Lorenzo Cain","Brewers","86","10.5 %","14.0 %","0.75",".307",".384",".453",".837",".147","4.7",".339","0.4","-0.1","0.1","14","3.2",".362","121","9077"
"Omar Narvaez","Mariners","69","7.2 %","23.2 %","0.31",".297",".348",".500",".848",".203","2.6",".341","0.6","0.2","0.0","11","2.5",".361","137","13338"
"Carlos Correa","Astros","63","11.1 %","23.8 %","0.47",".273",".365",".473",".838",".200","3.3",".342","-0.2","0.1","0.2","10","2.3",".361","135","14162"
"Mark Zagunis","Cubs","20","0.0 %","35.0 %","0.00",".350",".350",".500",".850",".150","0.4",".538","0.0","-0.2","0.0","3","0.7",".360","121","16565"
"Jarrod Dyson","Diamondbacks","43","14.0 %","20.9 %","0.67",".270",".372",".459",".832",".189","5.2",".308","0.2","0.1","0.2","7","1.6",".360","120","4866"
"Brandon Belt","Giants","76","11.8 %","26.3 %","0.45",".231",".342",".508",".850",".277","4.8",".268","-0.3","0.2","-0.2","12","2.7",".360","124","10264"
"Tommy Pham","Rays","85","15.3 %","15.3 %","1.00",".286",".400",".414",".814",".129","4.9",".309","0.0","0.3","1.2","13","3.0",".360","133","2967"
"Jason Martin","Pirates","23","8.7 %","21.7 %","0.40",".333",".391",".429",".820",".095","5.9",".438","0.1","0.0","0.4","4","0.8",".358","122","16429"
"Mitch Haniger","Mariners","99","4.0 %","28.3 %","0.14",".267",".313",".556",".869",".289","7.9",".322","-0.4","0.0","0.4","15","3.4",".358","134","14274"
"Jake Cave","Twins","21","19.0 %","14.3 %","1.33",".294",".429",".353",".782",".059","0.2",".357","-1.1","-0.2","0.0","3","0.7",".357","127","14477"
"Tyler Flowers","Braves","38","5.3 %","31.6 %","0.17",".324",".395",".412",".807",".088","0.6",".476","0.1","0.1","0.0","6","1.3",".357","118","9134"
"Kevin Kiermaier","Rays","70","7.1 %","22.9 %","0.31",".281",".329",".531",".860",".250","8.1",".340","0.3","0.2","-0.3","11","2.3",".357","131","11038"
"Robinson Chirinos","Astros","50","14.0 %","26.0 %","0.54",".225",".347",".500",".847",".275","1.3",".269","-0.3","-0.1","0.0","8","1.6",".356","132","3142"
"Yuli Gurriel","Astros","71","7.0 %","11.3 %","0.63",".308",".352",".492",".844",".185","4.2",".333","-0.4","0.2","-0.9","11","2.3",".356","132","19198"
"Adam Eaton","Nationals","78","9.0 %","17.9 %","0.50",".319",".397",".406",".803",".087","4.7",".389","0.4","0.1","0.1","12","2.5",".356","116","11205"
"Manny Machado","Padres","78","12.8 %","23.1 %","0.56",".254",".359",".463",".822",".209","3.7",".289","0.0","-0.6","0.2","12","2.5",".355","121","11493"
"Matt Joyce","Braves","13","15.4 %","46.2 %","0.33",".182",".308",".545",".853",".364","0.1",".250","0.0","0.0","0.0","2","0.4",".354","116","3353"
"Troy Tulowitzki","Yankees","13","15.4 %","30.8 %","0.50",".182",".308",".545",".853",".364","0.1",".167","0.0","-0.3","0.0","2","0.4",".354","126","3531"
"George Springer","Astros","82","11.0 %","29.3 %","0.38",".254",".341",".493",".834",".239","3.8",".302","0.1","0.0","-0.1","12","2.5",".354","130","12856"
"JB Shuck","Pirates","36","19.4 %","13.9 %","1.40",".259",".429",".333",".762",".074","3.4",".318","-0.1","0.1","0.0","5","1.1",".353","119","6677"
"Derek Dietrich","Reds","43","7.0 %","18.6 %","0.38",".184",".279",".579",".858",".395","4.1",".115","0.4","0.2","0.0","6","1.3",".352","114","10542"
"Chad Pinder","Athletics","60","1.7 %","13.3 %","0.13",".298",".317",".526",".843",".228","2.4",".298","0.0","0.2","0.0","9","1.7",".351","127","15191"
"Richard Urena","Blue Jays","27","3.7 %","25.9 %","0.14",".333",".360",".458",".818",".125","0.2",".471","0.1","0.1","0.0","4","0.8",".351","125","16411"
"Tucker Barnhart","Reds","47","19.1 %","14.9 %","1.29",".263",".404",".395",".799",".132","1.3",".300","-0.1","0.0","0.0","7","1.3",".350","113","10200"
"Andrew Benintendi","Red Sox","67","10.4 %","19.4 %","0.54",".293",".364",".448",".812",".155","4.8",".356","0.3","0.3","-0.2","10","1.7",".348","118","17901"
"Michael A. Taylor","Nationals","11","27.3 %","36.4 %","0.75",".250",".455",".250",".705",".000","2.0",".500","","","0.0","2","0.3",".348","111","11489"
"Johan Camargo","Braves","39","12.8 %","28.2 %","0.45",".265",".359",".471",".830",".206","0.5",".364","0.2","0.1","0.0","6","1.0",".347","111","14950"
"Randal Grichuk","Blue Jays","80","10.0 %","30.0 %","0.33",".239",".325",".493",".818",".254","2.6",".302","-0.1","0.1","0.0","12","2.0",".347","122","10243"
"DJ LeMahieu","Yankees","68","7.4 %","14.7 %","0.50",".328",".382",".410",".792",".082","2.0",".385","-0.3","0.1","0.0","10","1.6",".345","119","9874"
"Whit Merrifield","Royals","85","4.7 %","11.8 %","0.40",".313",".341",".488",".829",".175","8.1",".333","0.2","-0.3","0.1","12","2.0",".345","119","11281"
"Maikel Franco","Phillies","72","15.3 %","8.3 %","1.83",".233",".347",".567",".914",".333","0.8",".163","-0.2","-0.1","0.0","10","1.7",".345","112","12179"
"Eugenio Suarez","Reds","66","13.6 %","24.2 %","0.56",".232",".348",".446",".795",".214","0.9",".270","-0.9","-0.1","-0.4","10","1.5",".345","109","12552"
"Curt Casali","Reds","24","4.2 %","33.3 %","0.13",".304",".333",".478",".812",".174","1.9",".467","0.0","0.0","0.0","3","0.5",".344","109","12510"
"Josh Donaldson","Braves","76","17.1 %","26.3 %","0.65",".238",".368",".413",".781",".175","1.9",".317","0.4","-0.4","0.0","11","1.7",".344","109","5038"
"Ji-Man Choi","Rays","72","12.5 %","22.2 %","0.56",".279",".375",".410",".785",".131","2.5",".356","0.0","0.3","-0.7","10","1.6",".344","122","5452"
"J.T. Realmuto","Phillies","73","8.2 %","16.4 %","0.50",".277",".342",".462",".804",".185","3.2",".294","0.6","0.0","-0.5","10","1.6",".343","111","11739"
"Michael Brantley","Astros","74","8.1 %","13.5 %","0.60",".299",".365",".433",".798",".134","3.4",".327","-0.1","-0.6","-0.1","11","1.6",".342","123","4106"
"Wilson Ramos","Mets","61","9.8 %","9.8 %","1.00",".321",".393",".396",".790",".075","1.8",".340","-0.4","-0.5","0.0","9","1.3",".342","115","1433"
"Tommy La Stella","Angels","62","12.9 %","6.5 %","2.00",".226",".328",".472",".800",".245","1.5",".178","0.2","0.0","0.0","9","1.3",".342","122","12371"
"Brian McCann","Braves","23","21.7 %","8.7 %","2.50",".294",".435",".353",".788",".059","0.1",".313","-0.1","0.1","0.0","3","0.5",".341","107","4810"
"James McCann","White Sox","32","9.4 %","18.8 %","0.50",".276",".344",".448",".792",".172","4.7",".318","0.0","-0.3","0.2","5","0.6",".341","119","12859"
"Tyler Austin","- - -","20","15.0 %","40.0 %","0.38",".294",".400",".353",".753",".059","1.9",".556","0.1","0.0","0.0","3","0.4",".341","113","11850"
"Luke Voit","Yankees","76","13.2 %","25.0 %","0.53",".219",".342",".438",".780",".219","1.1",".244","0.2","0.0","0.0","11","1.4",".339","115","14811"
"Adam Frazier","Pirates","72","11.1 %","16.7 %","0.67",".274",".366",".403",".769",".129","4.2",".327","0.1","0.1","-0.1","10","1.3",".339","109","15223"
"Ozzie Albies","Braves","83","8.4 %","15.7 %","0.54",".289",".349",".434",".784",".145","6.0",".328","0.7","0.1","-0.3","12","1.5",".338","106","16556"
"Jorge Soler","Royals","78","7.7 %","37.2 %","0.21",".236",".295",".514",".809",".278","1.4",".316","0.5","0.1","-0.4","11","1.4",".338","114","14221"
"Christin Stewart","Tigers","64","10.9 %","25.0 %","0.44",".222",".313",".519",".831",".296","3.2",".243","-0.5","0.2","0.0","9","1.0",".336","114","17714"
"Gleyber Torres","Yankees","75","6.7 %","24.0 %","0.28",".261",".307",".493",".799",".232","1.8",".292","-0.4","0.2","0.0","10","1.1",".335","112","16997"
"Byron Buxton","Twins","52","5.8 %","23.1 %","0.25",".271",".327",".479",".806",".208","9.6",".361","-0.5","0.2","0.8","7","0.7",".334","111","14161"
"Cesar Hernandez","Phillies","73","12.3 %","11.0 %","1.13",".270",".356",".429",".785",".159","6.7",".278","0.3","-0.2","0.4","10","1.0",".334","105","10556"
"Jay Bruce","Mariners","77","9.1 %","32.5 %","0.28",".176",".260",".559",".819",".382","2.4",".111","0.0","0.3","0.0","10","1.1",".334","118","9892"
"Adalberto Mondesi","Royals","82","4.9 %","26.8 %","0.18",".270",".296",".527",".823",".257","8.5",".340","-0.1","0.3","0.6","11","1.1",".334","111","13769"
"Dwight Smith Jr.","Orioles","82","6.1 %","14.6 %","0.42",".276",".317",".474",".791",".197","6.2",".290","-0.1","0.1","0.6","11","1.1",".333","112","13473"
"Austin Barnes","Dodgers","56","17.9 %","14.3 %","1.25",".227",".375",".386",".761",".159","4.5",".229","-0.3","0.0","0.2","8","0.7",".332","107","12158"
"Corey Dickerson","Pirates","16","18.8 %","18.8 %","1.00",".154",".313",".462",".774",".308","0.1",".111","0.0","-0.1","0.0","2","0.2",".331","104","10762"
"Kurt Suzuki","Nationals","29","6.9 %","13.8 %","0.50",".240",".310",".480",".790",".240","0.6",".200","-0.1","-0.3","0.0","4","0.3",".331","100","8259"
"John Ryan Murphy","Diamondbacks","21","14.3 %","38.1 %","0.38",".167",".286",".500",".786",".333","2.6",".125","0.0","0.0","0.0","3","0.2",".330","100","10346"
"Isiah Kiner-Falefa","Rangers","36","13.9 %","19.4 %","0.71",".276",".400",".310",".710",".034","1.9",".364","0.1","0.1","0.0","5","0.4",".330","102","16512"
"Welington Castillo","White Sox","45","17.8 %","20.0 %","0.89",".171",".356",".371",".727",".200","0.1",".167","-0.2","-0.3","0.0","6","0.5",".329","111","3256"
"Ryon Healy","Mariners","90","6.7 %","20.0 %","0.33",".232",".278",".524",".802",".293","2.6",".230","-1.3","0.0","0.0","12","0.9",".329","114","15447"
"Tyler O'Neill","Cardinals","29","3.4 %","37.9 %","0.09",".286",".310",".464",".775",".179","1.9",".438","0.0","-0.1","0.0","4","0.3",".329","103","15711"
"Jonathan Villar","Orioles","90","8.9 %","18.9 %","0.47",".268",".333",".427",".760",".159","6.8",".306","0.3","0.3","0.1","12","0.8",".328","108","10071"
"Michael Perez","Rays","23","13.0 %","39.1 %","0.33",".250",".348",".400",".748",".150","2.6",".455","-0.7","0.1","0.0","3","0.2",".327","111","12977"
"Nicholas Castellanos","Tigers","68","8.8 %","29.4 %","0.30",".279",".338",".426",".764",".148","6.7",".405","0.2","0.3","0.2","9","0.6",".327","107","11737"
"Manuel Margot","Padres","60","1.7 %","16.7 %","0.10",".288",".300",".475",".775",".186","4.2",".319","-0.6","0.1","0.2","8","0.5",".327","102","14712"
"Giovanny Urshela","Yankees","28","10.7 %","21.4 %","0.50",".250",".357",".375",".732",".125","2.3",".333","0.0","0.0","0.0","4","0.2",".326","106","10681"
"Willians Astudillo","Twins","38","2.6 %","2.6 %","1.00",".286",".316",".457",".773",".171","2.6",".265","0.1","-0.9","0.0","5","0.3",".325","105","15608"
"Josh Reddick","Astros","54","5.6 %","11.1 %","0.50",".314",".352",".392",".744",".078","3.2",".341","-0.1","-0.4","0.2","7","0.4",".325","111","3892"
"Trevor Story","Rockies","81","7.4 %","24.7 %","0.30",".260",".321",".438",".759",".178","4.9",".300","0.4","0.2","-0.1","10","0.5",".325","84","12564"
"Danny Santana","Rangers","14","0.0 %","14.3 %","0.00",".286",".286",".500",".786",".214","10.0",".333","","","0.4","2","0.1",".325","98","10322"
"Max Kepler","Twins","69","10.1 %","20.3 %","0.50",".242",".319",".435",".754",".194","2.3",".267","-0.1","0.1","-0.9","9","0.4",".325","104","12144"
"Nomar Mazara","Rangers","61","8.2 %","16.4 %","0.50",".226",".328",".415",".743",".189","4.5",".244","-0.2","-0.2","0.0","8","0.3",".324","98","14553"
"Albert Pujols","Angels","68","14.7 %","11.8 %","1.25",".236",".353",".382",".735",".145","1.0",".234","-0.8","-0.2","0.0","9","0.3",".323","108","1177"
"Franmil Reyes","Padres","61","11.5 %","19.7 %","0.58",".212",".295",".481",".776",".269","0.1",".184","-0.4","0.0","0.0","8","0.3",".322","99","14566"
"Joey Votto","Reds","69","10.1 %","26.1 %","0.39",".230",".319",".426",".745",".197","1.8",".293","0.4","0.2","0.0","9","0.3",".322","95","4314"
"Brad Miller","Indians","40","10.0 %","25.0 %","0.40",".250",".325",".417",".742",".167","4.2",".320","0.4","0.1","0.2","5","0.1",".321","100","12775"
"Raimel Tapia","Rockies","44","6.8 %","31.8 %","0.21",".268",".318",".439",".757",".171","4.1",".407","0.0","0.1","-0.9","5","0.1",".321","81","14350"
"Eloy Jimenez","White Sox","75","6.7 %","29.3 %","0.23",".261",".320",".420",".740",".159","0.5",".341","0.0","0.2","0.0","9","0.2",".320","104","17484"
"Ryan O'Hearn","Royals","66","18.2 %","19.7 %","0.92",".189",".348",".377",".726",".189","1.2",".189","0.1","0.2","0.0","8","0.1",".320","101","16442"
"Corey Seager","Dodgers","82","12.2 %","19.5 %","0.63",".239",".341",".394",".736",".155","2.0",".283","0.1","0.3","0.0","10","0.1",".319","99","13624"
"Nolan Arenado","Rockies","84","8.3 %","8.3 %","1.00",".263",".321",".434",".756",".171","5.0",".254","0.1","-0.1","-0.3","10","0.1",".318","79","9777"
"Yonder Alonso","White Sox","72","16.7 %","15.3 %","1.09",".200",".333",".383",".717",".183","1.3",".196","0.0","0.1","0.0","9","0.0",".317","103","2530"
"Mark Reynolds","Rockies","45","15.6 %","33.3 %","0.47",".200",".333",".400",".733",".200","3.5",".250","-0.1","0.1","0.2","5","0.0",".317","79","7619"
"Logan Forsythe","Rangers","45","13.3 %","17.8 %","0.75",".243",".364",".324",".688",".081","2.6",".310","0.4","0.0","0.0","5","-0.1",".314","91","7185"
"Justin Turner","Dodgers","80","11.3 %","20.0 %","0.56",".284",".375",".313",".688",".030","1.3",".358","-0.3","-0.3","0.0","9","-0.3",".313","95","5235"
"Harrison Bader","Cardinals","50","16.0 %","28.0 %","0.57",".179",".347",".359",".706",".179","2.3",".217","-0.8","0.2","-0.4","6","-0.2",".312","92","18030"
"Miguel Rojas","Marlins","55","7.3 %","3.6 %","2.00",".286",".345",".367",".713",".082","1.3",".292","0.0","0.0","0.0","6","-0.2",".312","95","7802"
"Teoscar Hernandez","Blue Jays","73","11.0 %","21.9 %","0.50",".250",".329",".406",".735",".156","4.9",".298","0.5","0.0","-0.2","9","-0.3",".312","98","13066"
"Tony Wolters","Rockies","39","2.6 %","10.3 %","0.25",".289",".308",".421",".729",".132","0.6",".324","0.1","0.1","0.0","5","-0.2",".311","75","11470"
"Mike Tauchman","Yankees","25","12.0 %","36.0 %","0.33",".182",".280",".455",".735",".273","1.6",".250","0.0","0.1","0.0","3","-0.1",".311","95","15274"
"Dexter Fowler","Cardinals","61","11.5 %","27.9 %","0.41",".264",".361",".321",".681",".057","2.9",".389","-0.3","0.1","-0.7","7","-0.4",".310","91","4062"
"Jake Lamb","Diamondbacks","18","16.7 %","33.3 %","0.50",".267",".389",".333",".722",".067","0.4",".444","0.0","0.0","0.0","2","-0.1",".308","86","13329"
"Stephen Piscotty","Athletics","88","10.2 %","21.6 %","0.47",".228",".307",".405",".712",".177","0.6",".263","0.0","-0.2","0.0","10","-0.7",".308","97","13367"
"Matt Carpenter","Cardinals","80","12.5 %","23.8 %","0.53",".203",".300",".420",".720",".217","3.9",".229","0.1","0.3","0.0","9","-0.6",".308","89","8090"
"Rio Ruiz","Orioles","69","14.5 %","23.2 %","0.63",".224",".333",".362",".695",".138","0.7",".268","0.7","-0.4","0.0","8","-0.5",".308","94","14103"
"Renato Nunez","Orioles","75","5.3 %","24.0 %","0.22",".271",".320",".400",".720",".129","2.6",".340","0.3","0.0","-0.4","8","-0.6",".307","94","14503"
"Pablo Sandoval","Giants","27","0.0 %","25.9 %","0.00",".259",".259",".481",".741",".222","2.6",".350","-0.3","-0.1","0.0","3","-0.2",".307","90","5409"
"Hunter Pence","Rangers","31","6.5 %","16.1 %","0.40",".276",".323",".379",".702",".103","5.9",".304","0.2","0.0","0.2","3","-0.3",".307","86","8252"
"Jason Kipnis","Indians","12","8.3 %","8.3 %","1.00",".273",".333",".364",".697",".091","5.5",".300","","","0.2","1","-0.1",".306","89","9776"
"Kevin Newman","Pirates","12","8.3 %","25.0 %","0.33",".273",".333",".364",".697",".091","0.1",".375","0.2","0.1","0.0","1","-0.1",".306","88","17696"
"Jake Bauers","Indians","60","11.7 %","16.7 %","0.70",".226",".317",".377",".694",".151","3.3",".244","0.3","-0.1","-0.2","7","-0.6",".305","88","15194"
"Blake Swihart","Red Sox","29","6.9 %","24.1 %","0.29",".231",".310",".385",".695",".154","2.2",".278","0.1","0.1","0.0","3","-0.3",".304","87","13176"
"Matt Wieters","Cardinals","11","0.0 %","36.4 %","0.00",".333",".364",".333",".697",".000","3.0",".500","0.0","0.0","-0.2","1","-0.1",".304","87","4298"
"Aledmys Diaz","Astros","24","4.2 %","20.8 %","0.20",".217",".250",".478",".728",".261","2.6",".188","0.0","0.1","0.0","3","-0.3",".304","96","15937"
"Tyler White","Astros","35","17.1 %","28.6 %","0.60",".241",".371",".276",".647",".034","0.1",".368","0.0","-0.2","0.0","4","-0.4",".304","96","15564"
"Ben Zobrist","Cubs","58","15.5 %","12.1 %","1.29",".271",".379",".271",".650",".000","0.9",".310","-0.1","-0.5","0.0","6","-0.7",".304","85","7435"
"Delino DeShields","Rangers","57","17.5 %","17.5 %","1.00",".200",".357",".289",".646",".089","5.8",".235","0.2","-0.1","0.8","6","-0.7",".303","84","11379"
"Jonathan Schoop","Twins","56","5.4 %","23.2 %","0.23",".235",".304",".392",".696",".157","2.4",".278","0.1","0.2","0.0","6","-0.7",".303","89","11265"
"Odubel Herrera","Phillies","69","7.2 %","17.4 %","0.42",".270",".319",".381",".700",".111","2.0",".314","0.3","0.3","-0.4","8","-0.8",".303","85","11476"
"Lucas Duda","Royals","43","18.6 %","23.3 %","0.80",".176",".326",".382",".708",".206","0.1",".174","0.0","0.0","0.0","5","-0.5",".302","89","2502"
"David Fletcher","Angels","60","6.7 %","5.0 %","1.33",".268",".317",".393",".710",".125","5.1",".269","0.0","-0.1","0.4","6","-0.8",".301","93","17992"
"Brett Gardner","Yankees","77","10.4 %","11.7 %","0.89",".191",".286",".412",".697",".221","5.0",".164","-0.9","0.2","0.0","8","-1.0",".301","88","9927"
"Nick Ahmed","Diamondbacks","76","3.9 %","25.0 %","0.16",".282",".303",".423",".725",".141","5.9",".358","0.5","-0.2","0.4","8","-1.1",".300","81","12147"
"Rafael Devers","Red Sox","75","10.7 %","17.3 %","0.62",".262",".351",".308",".659",".046","5.1",".327","0.8","0.2","0.4","8","-1.1",".300","84","17350"
"Dee Gordon","Mariners","82","6.1 %","14.6 %","0.42",".288",".325",".370",".695",".082","8.1",".323","0.6","0.2","1.1","9","-1.2",".300","94","8203"
"Neil Walker","Marlins","59","6.8 %","25.4 %","0.27",".222",".288",".407",".696",".185","3.2",".250","-0.1","-0.4","0.2","6","-0.8",".300","87","7539"
"Kris Bryant","Cubs","74","9.5 %","24.3 %","0.39",".219",".324",".344",".668",".125","5.1",".289","0.3","0.4","0.2","8","-1.1",".300","82","15429"
"Chris Iannetta","Rockies","33","9.1 %","42.4 %","0.21",".207",".303",".379",".682",".172","0.3",".357","-0.6","-0.2","0.0","4","-0.5",".299","67","8267"
"A.J. Pollock","Dodgers","86","5.8 %","15.1 %","0.38",".256",".302",".397",".700",".141","4.6",".277","0.7","-0.5","-0.5","9","-1.3",".299","86","9256"
"Leury Garcia","White Sox","75","5.3 %","28.0 %","0.19",".268",".307",".380",".687",".113","6.7",".367","-0.8","0.1","0.8","8","-1.2",".298","89","5913"
"Jesse Winker","Reds","60","6.7 %","20.0 %","0.33",".182",".250",".455",".705",".273","2.6",".132","0.1","0.1","-0.4","6","-1.0",".297","79","13590"
"Ben Gamel","Brewers","40","12.5 %","27.5 %","0.45",".235",".350",".324",".674",".088","1.9",".348","0.1","0.1","0.0","4","-0.7",".297","79","12160"
"Willy Adames","Rays","70","7.1 %","31.4 %","0.23",".250",".314",".359",".674",".109","2.3",".366","0.7","0.2","0.0","7","-1.2",".296","89","15986"
"Miguel Cabrera","Tigers","78","10.3 %","24.4 %","0.42",".265",".346",".309",".655",".044","1.0",".360","-0.4","0.1","0.0","8","-1.4",".296","86","1744"
"Wilmer Difo","Nationals","55","10.9 %","23.6 %","0.46",".229",".315",".375",".690",".146","1.6",".273","-0.2","0.2","0.0","6","-1.0",".296","78","14320"
"Ketel Marte","Diamondbacks","79","2.5 %","20.3 %","0.13",".237",".253",".461",".714",".224","6.9",".246","0.2","-0.2","0.4","8","-1.4",".296","78","13613"
"Kole Calhoun","Angels","76","10.5 %","25.0 %","0.42",".191",".276",".412",".688",".221","2.5",".200","0.1","0.1","-0.4","8","-1.4",".295","89","11200"
"Pedro Severino","Orioles","27","7.4 %","22.2 %","0.33",".208",".296",".375",".671",".167","0.6",".235","0.0","0.1","0.0","3","-0.5",".295","85","14523"
"Jose Iglesias","Reds","44","9.1 %","20.5 %","0.44",".250",".318",".400",".718",".150","1.6",".300","-0.1","-0.2","-0.9","4","-0.9",".294","76","10231"
"Joey Rickard","Orioles","58","10.3 %","27.6 %","0.38",".212",".293",".385",".678",".173","4.9",".286","-0.2","0.2","-0.7","6","-1.2",".293","84","13277"
"Amed Rosario","Mets","77","6.5 %","28.6 %","0.23",".264",".312",".375",".687",".111","5.7",".367","-0.2","0.0","0.0","8","-1.5",".293","84","15518"
"Matt Adams","Nationals","25","0.0 %","40.0 %","0.00",".208",".200",".542",".742",".333","0.1",".231","0.0","-0.2","0.0","3","-0.5",".293","76","9393"
"Mookie Betts","Red Sox","82","12.2 %","18.3 %","0.67",".200",".305",".371",".676",".171","4.8",".208","-1.0","-0.1","0.2","8","-1.8",".292","78","13611"
"Rowdy Tellez","Blue Jays","53","7.5 %","35.8 %","0.21",".191",".283",".383",".666",".191","1.4",".240","0.1","0.0","0.0","5","-1.2",".291","83","15679"
"Luke Maile","Blue Jays","25","8.0 %","32.0 %","0.25",".217",".280",".391",".671",".174","1.6",".286","0.3","0.1","0.0","2","-0.6",".289","82","13355"
"Kevin Plawecki","Indians","22","9.1 %","13.6 %","0.67",".200",".273",".400",".673",".200","0.8",".188","0.0","0.1","0.0","2","-0.5",".289","77","13807"
"Ramon Laureano","Athletics","74","4.1 %","28.4 %","0.14",".243",".284",".386",".669",".143","3.6",".304","0.7","0.4","-0.2","7","-1.7",".289","84","17128"
"Juan Lagares","Mets","36","8.3 %","33.3 %","0.25",".219",".306",".344",".649",".125","5.7",".316","0.1","0.1","0.4","4","-0.9",".289","81","5384"
"Justin Bour","Angels","59","15.3 %","27.1 %","0.56",".184",".322",".306",".628",".122","0.6",".250","0.0","-0.2","0.0","6","-1.4",".288","84","9744"
"Anthony Rizzo","Cubs","77","15.6 %","19.5 %","0.80",".159",".312",".317",".629",".159","2.6",".156","0.6","0.3","0.0","7","-1.9",".288","75","3473"
"Orlando Arcia","Brewers","66","7.6 %","22.7 %","0.33",".230",".288",".393",".681",".164","1.9",".256","0.3","-0.4","0.0","6","-1.6",".288","73","13185"
"Robbie Grossman","Athletics","58","8.6 %","20.7 %","0.42",".245",".310",".340",".650",".094","4.3",".300","0.0","0.0","0.0","6","-1.4",".287","83","5254"
"Eric Thames","Brewers","34","2.9 %","47.1 %","0.06",".226",".265",".419",".684",".194","0.6",".357","0.0","0.2","0.0","3","-0.8",".287","73","3711"
"C.J. Cron","Twins","51","5.9 %","21.6 %","0.27",".229",".275",".396",".670",".167","1.1",".257","0.4","-0.1","0.0","5","-1.3",".287","78","12546"
"Brian Anderson","Marlins","78","11.5 %","28.2 %","0.41",".217",".308",".333",".641",".116","3.2",".289","0.1","-0.1","0.4","7","-2.0",".286","78","18289"
"Steven Duggar","Giants","86","3.5 %","31.4 %","0.11",".238",".267",".413",".680",".175","2.7",".308","-0.2","0.1","-0.7","8","-2.3",".286","76","17719"
"Yan Gomes","Nationals","44","6.8 %","31.8 %","0.21",".225",".295",".350",".645",".125","0.7",".320","-0.6","0.0","0.0","4","-1.2",".284","71","9627"
"Eduardo Escobar","Diamondbacks","78","7.7 %","24.4 %","0.32",".229",".308",".329",".636",".100","1.3",".300","-1.3","0.1","0.0","7","-2.2",".284","70","6153"
"Carson Kelly","Diamondbacks","36","2.8 %","25.0 %","0.11",".235",".278",".382",".660",".147","1.6",".320","0.0","-0.1","0.0","3","-1.0",".284","70","13620"
"Jonathan Lucroy","Angels","58","5.2 %","10.3 %","0.50",".291",".328",".309",".637",".018","1.5",".327","0.0","-0.2","0.0","5","-1.6",".284","81","7870"
"Christian Vazquez","Red Sox","47","4.3 %","19.1 %","0.22",".200",".234",".467",".701",".267","5.2",".182","0.2","-0.1","-0.2","4","-1.4",".282","72","9774"
"Starling Marte","Pirates","70","2.9 %","18.6 %","0.15",".215",".261",".400",".661",".185","8.2",".240","0.6","-0.4","0.2","6","-2.1",".282","72","9241"
"Hanley Ramirez","Indians","57","14.0 %","29.8 %","0.47",".184",".298",".327",".625",".143","0.4",".233","0.5","0.2","0.0","5","-1.7",".281","71","8001"
"Tyler Naquin","Indians","48","2.1 %","31.3 %","0.07",".255",".271",".383",".654",".128","4.1",".355","0.0","0.0","0.2","4","-1.5",".279","70","13359"
"Greg Garcia","Padres","17","11.8 %","17.6 %","0.67",".200",".294",".333",".627",".133","2.0",".250","0.3","0.1","0.0","2","-0.6",".278","71","10951"
"Jordy Mercer","Tigers","47","6.4 %","23.4 %","0.27",".233",".298",".326",".623",".093","0.5",".313","-0.2","0.1","0.0","4","-1.6",".276","72","6547"
"Gerardo Parra","Giants","64","7.8 %","20.3 %","0.38",".232",".313",".339",".652",".107","4.3",".279","-0.4","0.2","0.2","6","-2.2",".276","70","8553"
"Kyle Schwarber","Cubs","61","8.2 %","31.1 %","0.26",".196",".262",".375",".637",".179","2.3",".235","0.1","-0.2","-0.4","5","-2.1",".275","67","16478"
"Mallex Smith","Mariners","84","9.5 %","28.6 %","0.33",".216",".298",".324",".622",".108","9.0",".300","1.0","0.2","0.7","7","-3.0",".275","77","13608"
"Nick Williams","Phillies","16","6.3 %","37.5 %","0.17",".214",".313",".286",".598",".071","1.1",".375","0.0","0.0","0.0","1","-0.6",".275","67","14330"
"Kenta Maeda","Dodgers","11","0.0 %","27.3 %","0.00",".222",".222",".444",".667",".222","2.6",".333","","","0.0","1","-0.4",".274","70","18498"
"Tony Kemp","Astros","33","12.1 %","18.2 %","0.67",".179",".303",".286",".589",".107","6.0",".190","0.1","-0.1","0.2","3","-1.2",".272","74","14894"
"Ryan Zimmerman","Nationals","62","14.5 %","16.1 %","0.90",".192",".306",".288",".595",".096","0.6",".214","-0.3","0.0","0.0","5","-2.4",".271","62","4220"
"Ender Inciarte","Braves","66","9.1 %","21.2 %","0.43",".203",".288",".322",".610",".119","6.1",".250","0.3","0.0","0.0","5","-2.5",".271","62","4922"
"Austin Dean","Marlins","23","0.0 %","39.1 %","0.00",".227",".217",".455",".672",".227","2.6",".308","","","0.0","2","-0.9",".270","68","18288"
"Billy McKinney","Blue Jays","64","7.8 %","23.4 %","0.33",".207",".281",".328",".609",".121","1.9",".262","-0.4","0.1","0.0","5","-2.6",".269","68","15654"
"Hanser Alberto","Orioles","43","2.3 %","11.6 %","0.20",".286",".302",".310",".612",".024","0.1",".324","0.2","0.2","0.0","3","-1.7",".269","67","11902"
"Jose Abreu","White Sox","79","10.1 %","27.8 %","0.36",".174",".266",".348",".614",".174","5.0",".200","-0.1","-0.1","0.4","6","-3.2",".268","68","15676"
"Wilmer Flores","Diamondbacks","55","5.5 %","10.9 %","0.50",".235",".291",".314",".605",".078","2.0",".267","-0.1","-0.1","0.0","4","-2.3",".268","60","5827"
"Andrelton Simmons","Angels","76","1.3 %","10.5 %","0.13",".253",".263",".360",".623",".107","4.8",".273","0.0","-0.1","0.4","6","-3.2",".266","69","10847"
"Evan Longoria","Giants","76","2.6 %","21.1 %","0.13",".219",".250",".370",".620",".151","6.0",".255","-0.3","0.2","0.2","6","-3.3",".264","62","9368"
"Yadier Molina","Cardinals","69","4.3 %","8.7 %","0.50",".227",".261",".348",".609",".121","1.0",".237","0.7","0.1","0.0","5","-3.1",".263","60","7007"
"Kendrys Morales","Athletics","53","9.4 %","15.1 %","0.63",".200",".302",".267",".569",".067","1.0",".216","0.2","0.2","0.0","4","-2.4",".262","65","8610"
"Marwin Gonzalez","Twins","49","10.2 %","24.5 %","0.42",".205",".286",".295",".581",".091","0.5",".258","-0.6","0.1","0.0","4","-2.3",".261","60","5497"
"Travis Shaw","Brewers","74","10.8 %","31.1 %","0.35",".203",".311",".281",".592",".078","0.5",".300","0.2","-0.3","0.0","6","-3.5",".261","56","11982"
"Kyle Farmer","Reds","18","0.0 %","27.8 %","0.00",".118",".167",".471",".637",".353","0.1",".000","0.0","0.1","0.0","1","-0.8",".261","56","14813"
"Jeimer Candelario","Tigers","71","9.9 %","23.9 %","0.41",".222",".310",".270",".580",".048","3.4",".304","-0.2","0.3","0.2","5","-3.4",".260","61","13621"
"Buster Posey","Giants","63","11.1 %","19.0 %","0.58",".196",".286",".286",".571",".089","0.6",".250","-1.1","0.1","0.0","5","-3.1",".258","58","9166"
"Chris Owings","Royals","68","8.8 %","30.9 %","0.29",".194",".265",".323",".587",".129","7.2",".275","0.2","0.2","0.2","5","-3.4",".258","58","10030"
"Billy Hamilton","Royals","57","10.5 %","19.3 %","0.55",".240",".316",".240",".556",".000","6.2",".300","0.3","0.1","0.4","4","-2.9",".257","58","10199"
"Dylan Moore","Mariners","29","6.9 %","44.8 %","0.15",".160",".276",".280",".556",".120","5.7",".273","0.0","-0.6","0.2","2","-1.5",".257","64","18042"
"Greg Bird","Yankees","41","14.6 %","39.0 %","0.38",".171",".293",".257",".550",".086","2.4",".278","0.3","-0.1","0.0","3","-2.1",".256","57","14131"
"John Hicks","Tigers","38","5.3 %","28.9 %","0.18",".194",".237",".361",".598",".167","3.9",".250","0.0","0.1","0.2","3","-2.0",".255","58","12547"
"Austin Hedges","Padres","47","4.3 %","27.7 %","0.15",".186",".255",".349",".604",".163","0.1",".214","-0.4","0.2","0.0","3","-2.4",".255","56","12976"
"Robinson Cano","Mets","79","6.3 %","22.8 %","0.28",".192",".253",".329",".582",".137","1.0",".226","0.1","-0.1","0.0","5","-4.1",".254","59","3269"
"Jurickson Profar","Athletics","81","4.9 %","14.8 %","0.33",".200",".247",".347",".594",".147","7.6",".210","-0.4","0.0","0.6","6","-4.2",".254","60","10815"
"Curtis Granderson","Marlins","56","14.3 %","32.1 %","0.44",".149",".268",".298",".566",".149","1.4",".179","-0.5","0.1","-0.4","4","-2.9",".254","58","4747"
"Starlin Castro","Marlins","79","6.3 %","19.0 %","0.33",".216",".266",".311",".577",".095","1.2",".246","-0.4","-0.5","0.0","5","-4.2",".254","58","4579"
"Chris Taylor","Dodgers","54","11.1 %","25.9 %","0.43",".170",".278",".277",".554",".106","3.0",".219","0.2","0.0","0.2","4","-2.9",".254","57","13757"
"Charlie Blackmon","Rockies","84","6.0 %","19.0 %","0.31",".221",".274",".299",".573",".078","5.5",".274","-1.2","-0.4","0.2","6","-4.6",".252","37","7859"
"Ryan Braun","Brewers","69","4.3 %","26.1 %","0.17",".185",".221",".369",".590",".185","1.1",".205","0.4","0.1","0.0","4","-3.9",".250","49","3410"
"Scott Schebler","Reds","55","10.9 %","27.3 %","0.40",".163",".255",".306",".561",".143","1.1",".188","-0.2","0.1","0.0","4","-3.1",".250","48","12225"
"Joe Panik","Giants","61","9.8 %","6.6 %","1.50",".208",".295",".245",".540",".038","1.4",".220","0.0","0.0","-0.4","4","-3.5",".249","53","11936"
"Jose Martinez","Cardinals","38","0.0 %","26.3 %","0.00",".263",".263",".316",".579",".053","2.0",".357","-0.1","0.2","0.0","2","-2.2",".249","52","7996"
"Ildemaro Vargas","Diamondbacks","25","0.0 %","12.0 %","0.00",".200",".200",".400",".600",".200","2.6",".190","0.1","-0.2","0.0","2","-1.4",".248","48","13324"
"JaCoby Jones","Tigers","23","0.0 %","13.0 %","0.00",".200",".304",".200",".504",".000","6.7",".235","","","0.2","1","-1.4",".246","51","14818"
"Roberto Perez","Indians","43","11.6 %","34.9 %","0.33",".162",".256",".297",".553",".135","0.1",".227","-0.2","0.0","0.0","3","-2.6",".245","47","2900"
"Eric Hosmer","Padres","78","9.0 %","21.8 %","0.41",".197",".269",".282",".551",".085","1.4",".245","-0.1","0.2","0.0","5","-4.9",".242","48","3516"
"Erik Gonzalez","Pirates","56","10.7 %","21.4 %","0.50",".208",".296",".292",".588",".083","6.4",".278","-0.4","0.1","0.4","3","-3.6",".240","46","13369"
"Jacob Stallings","Pirates","11","0.0 %","27.3 %","0.00",".273",".273",".273",".545",".000","1.6",".375","0.0","0.0","0.0","1","-0.7",".239","45","13723"
"Mike Zunino","Rays","53","3.8 %","24.5 %","0.15",".196",".226",".333",".560",".137","4.1",".263","-0.4","0.1","0.0","3","-3.5",".238","49","13265"
"Erik Kratz","Giants","26","7.7 %","7.7 %","1.00",".136",".269",".227",".497",".091","0.1",".150","-0.3","0.0","0.0","1","-1.7",".237","45","4403"
"Keon Broxton","Mets","34","11.8 %","41.2 %","0.29",".200",".294",".200",".494",".000","6.2",".375","0.0","0.1","0.4","2","-2.3",".236","47","9253"
"Jordan Luplow","Indians","17","11.8 %","47.1 %","0.25",".200",".294",".200",".494",".000","2.0",".429","0.1","0.1","0.0","1","-1.2",".236","40","16424"
"Lourdes Gurriel Jr.","Blue Jays","44","6.8 %","27.3 %","0.25",".175",".250",".275",".525",".100","3.1",".250","-0.3","-0.3","-0.2","2","-3.0",".235","44","19238"
"Martin Maldonado","Royals","57","7.0 %","15.8 %","0.44",".180",".268",".240",".508",".060","1.9",".220","-0.1","0.1","0.0","3","-3.9",".235","42","6887"
"Grayson Greiner","Tigers","53","3.8 %","22.6 %","0.17",".220",".264",".260",".524",".040","1.4",".289","0.3","-0.3","0.0","3","-3.6",".235","43","17062"
"Kevan Smith","Angels","21","9.5 %","14.3 %","0.67",".118",".286",".176",".462",".059","2.6",".143","-0.1","0.0","0.0","1","-1.4",".235","47","12284"
"Yasiel Puig","Reds","58","3.4 %","25.9 %","0.13",".179",".207",".339",".546",".161","4.1",".205","-0.1","-0.2","0.0","3","-4.1",".232","37","14225"
"Kevin Pillar","- - -","74","1.4 %","17.6 %","0.08",".174",".189",".377",".566",".203","7.2",".145","0.4","-0.4","0.6","4","-5.3",".231","39","12434"
"Jesus Sucre","Orioles","50","6.0 %","16.0 %","0.38",".213",".260",".255",".515",".043","1.0",".256","0.0","0.1","0.0","2","-3.6",".231","40","5942"
"Austin Romine","Yankees","28","3.6 %","25.0 %","0.14",".192",".222",".308",".530",".115","2.0",".222","0.0","0.1","0.0","1","-2.1",".229","38","5491"
"Jedd Gyorko","Cardinals","10","20.0 %","40.0 %","0.50",".125",".300",".125",".425",".000","2.6",".250","0.0","0.0","0.0","0","-0.8",".226","37","10816"
"Manny Pina","Brewers","17","17.6 %","29.4 %","0.60",".143",".294",".143",".437",".000","0.8",".222","0.3","-0.2","0.0","1","-1.3",".225","33","2829"
"Jason Castro","Twins","21","14.3 %","19.0 %","0.75",".167",".286",".167",".452",".000","1.6",".214","0.0","0.1","0.0","1","-1.6",".224","34","8722"
"Lewis Brinson","Marlins","66","3.0 %","31.8 %","0.10",".194",".242",".258",".500",".065","1.8",".293","0.1","-0.3","-0.4","3","-5.2",".224","38","14352"
"Brandon Crawford","Giants","75","6.7 %","26.7 %","0.25",".203",".267",".232",".499",".029","0.8",".286","0.4","0.3","0.0","3","-5.9",".222","35","5343"
"Brian Dozier","Nationals","55","5.5 %","25.5 %","0.21",".176",".236",".255",".491",".078","3.7",".222","-0.1","0.1","-0.2","2","-4.4",".221","30","9810"
"Ian Kinsler","Padres","62","11.3 %","19.4 %","0.58",".145",".242",".236",".478",".091","3.0",".167","-1.1","-0.1","-0.2","3","-5.0",".221","34","6195"
"Rougned Odor","Rangers","47","8.5 %","31.9 %","0.27",".167",".255",".214",".470",".048","4.3",".259","-0.4","0.2","-0.7","2","-3.8",".220","26","12282"
"Jung Ho Kang","Pirates","50","8.0 %","38.0 %","0.21",".130",".200",".304",".504",".174","0.1",".160","-0.2","-0.3","0.0","2","-4.1",".219","32","17182"
"Yangervis Solarte","Giants","47","6.4 %","21.3 %","0.30",".186",".239",".279",".518",".093","2.4",".242","0.3","-0.4","0.0","2","-3.9",".218","33","5352"
"Richie Martin Jr.","Orioles","52","9.6 %","34.6 %","0.28",".152",".250",".217",".467",".065","7.5",".250","-1.7","-0.1","0.2","2","-4.3",".218","32","17736"
"Albert Almora Jr.","Cubs","53","9.4 %","17.0 %","0.56",".213",".288",".213",".501",".000","4.7",".263","0.4","0.1","0.4","2","-4.5",".217","29","14109"
"Adam Engel","White Sox","28","7.1 %","35.7 %","0.20",".120",".185",".320",".505",".200","5.0",".143","0.0","-0.2","-0.4","1","-2.4",".216","32","15082"
"Yolmer Sanchez","White Sox","53","7.5 %","28.3 %","0.27",".184",".245",".224",".470",".041","2.9",".265","-0.1","0.2","-0.4","2","-4.6",".214","31","11602"
"Matt Kemp","Reds","52","0.0 %","26.9 %","0.00",".216",".212",".294",".506",".078","0.8",".270","0.0","-0.1","0.0","2","-4.5",".214","25","5631"
"Garrett Hampson","Rockies","63","3.2 %","25.4 %","0.13",".186",".210",".288",".498",".102","7.0",".233","0.0","0.1","-0.2","2","-5.5",".212","11","19262"
"Jesus Aguilar","Brewers","69","11.6 %","21.7 %","0.53",".155",".254",".190",".443",".034","1.4",".205","-0.1","-0.5","0.0","2","-6.1",".211","24","11342"
"Luis Urias","Padres","27","14.8 %","33.3 %","0.44",".091",".259",".136",".396",".045","1.6",".154","0.0","-0.2","0.0","1","-2.5",".207","25","16622"
"J.T. Riddle","Marlins","32","0.0 %","34.4 %","0.00",".156",".156",".344",".500",".188","1.6",".158","0.0","0.1","0.0","1","-3.0",".206","27","17642"
"Ian Desmond","Rockies","65","4.6 %","29.2 %","0.16",".161",".200",".274",".474",".113","0.1",".214","-0.2","-0.2","0.0","2","-6.1",".206","7","6885"
"Andrew Knapp","Phillies","17","11.8 %","41.2 %","0.29",".133",".235",".200",".435",".067","0.1",".250","0.0","0.0","0.0","0","-1.6",".205","22","14942"
"Francisco Cervelli","Pirates","61","6.6 %","24.6 %","0.27",".161",".230",".214",".444",".054","2.6",".200","0.6","-0.2","0.0","2","-5.7",".205","23","5275"
"Tyler Wade","Yankees","21","9.5 %","38.1 %","0.25",".167",".250",".167",".417",".000","5.9",".300","0.0","0.0","0.2","0","-2.0",".200","18","15730"
"Danny Jansen","Blue Jays","55","7.3 %","29.1 %","0.25",".160",".236",".180",".416",".020","1.1",".235","0.2","0.0","0.0","1","-5.5",".197","18","16535"
"Peter O'Brien","Marlins","30","10.0 %","46.7 %","0.21",".111",".200",".222",".422",".111","0.1",".167","-0.1","0.0","0.0","1","-3.1",".194","19","13288"
"Jose Ramirez","Indians","75","5.3 %","14.7 %","0.36",".145",".200",".232",".432",".087","7.5",".155","0.2","0.0","1.0","1","-7.8",".192","10","13510"
"Chris Davis","Orioles","52","11.5 %","38.5 %","0.30",".109",".212",".217",".429",".109","0.8",".160","0.1","0.2","0.0","1","-5.6",".190","12","9272"
"Carlos Gonzalez","Indians","14","0.0 %","35.7 %","0.00",".214",".214",".214",".429",".000","2.6",".333","","","0.0","0","-1.5",".188","7","7287"
"Miguel Andujar","Yankees","14","0.0 %","14.3 %","0.00",".231",".214",".231",".445",".000","1.6",".250","0.1","-0.5","0.0","0","-1.5",".188","10","15878"
"Daniel Robertson","Rays","52","9.6 %","28.8 %","0.33",".149",".231",".149",".380",".000","4.4",".219","-0.3","0.0","0.2","1","-5.8",".184","11","14145"
"Dustin Peterson","Tigers","32","0.0 %","37.5 %","0.00",".161",".188",".226",".413",".065","6.2",".263","0.0","-0.2","0.2","0","-3.6",".182","6","15189"
"Rosell Herrera","Marlins","45","4.4 %","20.0 %","0.22",".143",".200",".190",".390",".048","5.0",".182","0.4","-0.4","0.2","0","-5.2",".179","10","11611"
"Brandon Drury","Blue Jays","68","5.9 %","39.7 %","0.15",".141",".191",".203",".394",".063","3.5",".243","0.1","0.3","0.0","0","-8.0",".177","4","11615"
"Josh Harrison","Tigers","74","6.8 %","17.6 %","0.38",".121",".203",".152",".354",".030","5.0",".148","-1.4","0.2","0.4","0","-9.1",".171","-1","8202"
"Jose Peraza","Reds","54","0.0 %","25.9 %","0.00",".151",".167",".226",".393",".075","5.0",".184","0.4","0.2","-0.2","0","-6.6",".170","-3","13593"
"Alen Hanson","Blue Jays","31","3.2 %","35.5 %","0.09",".179",".226",".179",".404",".000","1.6",".278","-0.1","0.1","0.0","0","-3.8",".170","-1","12926"
"Francisco Mejia","Padres","29","3.4 %","24.1 %","0.14",".143",".172",".214",".387",".071","0.8",".190","-0.1","0.1","0.0","0","-3.6",".169","1","16403"
"Jackie Bradley Jr.","Red Sox","58","5.2 %","29.3 %","0.18",".148",".190",".185",".375",".037","5.0",".211","0.7","-0.1","0.4","0","-7.2",".169","-7","12984"
"Cedric Mullins II","Orioles","66","6.1 %","21.2 %","0.29",".089",".188",".161",".348",".071","5.1",".116","0.5","-0.3","0.0","0","-8.3",".167","-4","17929"
"Eduardo Nunez","Red Sox","46","2.2 %","17.4 %","0.13",".159",".178",".182",".360",".023","5.8",".194","-0.2","-0.4","0.2","0","-6.1",".160","-14","6848"
"Max Scherzer","Nationals","11","0.0 %","54.5 %","0.00",".182",".182",".182",".364",".000","2.6",".400","","","0.0","0","-1.5",".159","-10","3137"
"Jeff Mathis","Rangers","28","3.6 %","39.3 %","0.09",".111",".143",".222",".365",".111","2.6",".133","-0.7","0.0","0.0","0","-3.7",".158","-17","3448"
"Brock Holt","Red Sox","19","10.5 %","36.8 %","0.29",".063",".211",".063",".273",".000","0.1",".111","0.1","0.1","0.0","0","-2.5",".157","-15","9345"
"Luis Guillorme","Mets","10","10.0 %","40.0 %","0.25",".111",".200",".111",".311",".000","2.6",".200","-0.1","0.0","0.0","0","-1.3",".157","-4","16451"
"Pat Valaika","Rockies","27","11.1 %","40.7 %","0.27",".083",".185",".125",".310",".042","2.6",".154","0.2","0.1","0.0","0","-3.7",".155","-26","14885"
"Noah Syndergaard","Mets","10","20.0 %","50.0 %","0.40",".000",".222",".000",".222",".000","2.6",".000","","","0.0","0","-1.4",".154","-6","11762"
"Ehire Adrianza","Twins","22","0.0 %","13.6 %","0.00",".105",".182",".105",".287",".000","2.6",".118","0.1","0.1","0.0","0","-3.2",".145","-21","8418"
"Travis d'Arnaud","Mets","16","12.5 %","6.3 %","2.00",".071",".188",".071",".259",".000","2.6",".077","0.0","0.1","0.0","0","-2.4",".141","-14","7739"
"Daniel Palka","White Sox","42","14.3 %","35.7 %","0.40",".029",".190",".029",".219",".000","0.1",".050","0.0","-0.2","0.0","-1","-6.3",".137","-23","14897"
"Steve Pearce","Red Sox","25","0.0 %","44.0 %","0.00",".125",".160",".125",".285",".000","1.6",".231","-0.6","0.0","0.0","-1","-3.8",".134","-31","9957"
"Zack Cozart","Angels","52","3.8 %","15.4 %","0.25",".102",".154",".122",".276",".020","1.3",".122","0.1","0.1","0.0","-2","-8.1",".132","-25","2616"
"Pablo Reyes","Pirates","25","8.0 %","40.0 %","0.20",".087",".160",".087",".247",".000","1.1",".154","0.0","0.1","0.0","-1","-4.0",".125","-28","16357"
"Cam Gallagher","Royals","14","0.0 %","0.0 %","0.00",".143",".143",".143",".286",".000","0.1",".143","-0.6","0.0","0.0","-1","-2.2",".125","-34","12981"
"Eric Stamets","Indians","48","10.4 %","50.0 %","0.21",".049",".149",".073",".222",".024","2.6",".111","-0.3","0.1","0.0","-2","-8.0",".118","-42","13795"
"Patrick Wisdom","Rangers","16","0.0 %","56.3 %","0.00",".133",".133",".133",".267",".000","2.6",".333","-0.1","0.0","0.0","-1","-2.7",".117","-46","13602"
"Dustin Pedroia","Red Sox","21","4.8 %","9.5 %","0.50",".100",".143",".100",".243",".000","1.6",".111","0.0","-0.4","0.0","-1","-3.5",".116","-44","8370"
"Nick Hundley","Athletics","30","0.0 %","26.7 %","0.00",".103",".133",".103",".237",".000","0.1",".143","0.0","-1.3","0.0","-2","-5.2",".112","-40","3376"
"Peter Bourjos","Angels","34","2.9 %","32.4 %","0.09",".094",".118",".125",".243",".031","6.8",".136","-0.2","0.0","0.2","-2","-5.9",".108","-41","2578"
"Greg Allen","Indians","32","6.3 %","28.1 %","0.22",".036",".125",".071",".196",".036","1.6",".050","0.2","0.1","0.0","-2","-5.7",".104","-51","16623"
"Connor Joe","Giants","16","6.3 %","31.3 %","0.20",".067",".125",".067",".192",".000","2.6",".100","0.1","-0.1","0.0","-1","-2.9",".098","-45","16572"
"Jon Gray","Rockies","10","0.0 %","60.0 %","0.00",".111",".111",".111",".222",".000","0.1",".333","","","0.0","-1","-1.8",".097","-63","14916"
"Josh Fuentes","Rockies","18","0.0 %","44.4 %","0.00",".111",".111",".111",".222",".000","2.6",".200","-0.1","0.0","0.0","-1","-3.3",".097","-63","16885"
"Daniel Murphy","Rockies","10","0.0 %","0.0 %","0.00",".100",".100",".100",".200",".000","2.6",".100","0.1","0.0","0.0","-1","-1.9",".088","-69","4316"
"Max Stassi","Astros","19","5.3 %","42.1 %","0.13",".056",".105",".056",".161",".000","0.1",".100","-0.1","0.0","0.0","-1","-3.7",".082","-58","10059"
"Max Moroff","Indians","27","0.0 %","48.1 %","0.00",".077",".077",".115",".192",".038","2.6",".154","0.0","0.1","0.0","-2","-5.3",".081","-67","14556"
"Aaron Altherr","Phillies","18","0.0 %","22.2 %","0.00",".056",".056",".111",".167",".056","2.6",".071","0.0","0.0","0.0","-2","-3.7",".069","-66","11270"
"Socrates Brito","Blue Jays","23","8.7 %","43.5 %","0.20",".000",".087",".000",".087",".000","2.6",".000","0.0","0.0","0.0","-2","-4.9",".060","-78","12944"
"Frank Schwindel","Royals","15","0.0 %","13.3 %","0.00",".067",".067",".067",".133",".000","0.1",".077","0.0","0.0","0.0","-1","-3.2",".058","-81","15351"
"Yonathan Daza","Rockies","12","8.3 %","33.3 %","0.25",".000",".083",".000",".083",".000","0.1",".000","0.0","0.1","0.0","-1","-2.6",".058","-88","15794"
"Mikie Mahtook","Tigers","25","8.0 %","44.0 %","0.18",".000",".080",".000",".080",".000","0.1",".000","-0.1","0.1","0.0","-2","-5.5",".055","-82","13130"
"Jake Arrieta","Phillies","10","0.0 %","50.0 %","0.00",".000",".000",".000",".000",".000","0.1",".000","","","0.0","-1","-2.7",".000","-100","4153"
"Alex Jackson","Braves","11","9.1 %","27.3 %","0.33",".000",".091",".000",".091",".000","0.1",".000","0.0","0.0","0.0","-2","-2.9",".000","-100","17276"
